cont_id,total_txns,gender,age_years,highest_edu,annual_invest,annual_income,activity_level,churn,record_id,total_txn_amount,avg_txn_amount,avg_daily_txns
1009530316,1,50.21,1,0,31923,4,0,1009530316,13055.44,0.8657534,316,41.314682
1009533477,1,50.45,4,14580,54765,3,0,1009533477,9412.17,0.68767124,251,37.498684
1009535122,1,24.5,1,0,22318,2,0,1009535122,6235.06,0.52328765,191,32.644295
1009525824,0,34.2,4,7088,38005,0,1,1009525824,16820.06,0.6547945,239,70.37682
1009525857,1,57.32,2,11331,40597,3,0,1009525857,15960.19,0.5178082,189,84.44545
1009525914,0,68.03,4,0,20934,5,0,1009525914,8807.64,0.6520548,238,37.00689
1009532110,1,39.81,1,0,15442,4,0,1009532110,17879.24,1.3260274,484,36.94058
1009532981,0,45.12,1,0,29792,1,1,1009532981,4318.39,0.26575342,97,44.519485
1009533273,1,43.71,3,117528,132410,3,0,1009533273,7713.39,0.62739724,229,33.682926
1009535323,1,67.33,1,0,21103,0,0,1009535323,11928.65,0.509589,186,64.13253
1009550400,0,74.09,3,96792,199469,5,0,1009550400,40688.1,0.80547947,294,138.3949
1009532988,1,20.17,1,0,17877,0,1,1009532988,9224.41,0.6246575,228,40.45794
1009533393,0,47.56,1,0,22293,0,1,1009533393,1316.8,0.05479452,20,65.84
1009530628,0,59.38,4,0,28380,2,0,1009530628,17647.76,1.4027398,512,34.46828
1009532978,0,49.66,1,0,21812,2,0,1009532978,1063.26,0.06849315,25,42.5304
1009533495,0,58.94,1,0,19259,0,0,1009533495,18546.37,0.6356164,232,79.94125
1009535344,1,43.6,1,0,18336,5,0,1009535344,749.49,0.06027397,22,34.067726
1009527976,0,24.14,1,0,13478,4,1,1009527976,15745.84,1.369863,500,31.49168
1009534897,0,59.9,4,0,26475,1,1,1009534897,9276.88,0.6410959,234,39.644787
1009535218,1,37.54,4,11511,22064,3,0,1009535218,17227.55,0.7013699,256,67.29512
1009529146,1,79.13,1,0,16444,2,0,1009529146,17553.62,1.3863014,506,34.69095
1009532903,1,89.76,1,0,19422,1,0,1009532903,14232.88,1.3643836,498,28.58008
1009532999,0,44.56,1,0,22787,2,0,1009532999,12024.84,0.8520548,311,38.66508
1009533534,0,23.85,4,0,18784,5,0,1009533534,9007.96,0.6136986,224,40.214108
1009533200,0,53.31,1,0,15564,2,0,1009533200,8352.45,0.56438357,206,40.545876
1009533426,1,63.93,2,75169,91911,2,0,1009533426,14494.82,0.6219178,227,63.853832
1009525902,0,70.56,1,0,28909,3,0,1009525902,10815.27,0.69863015,255,42.412823
1009532422,1,44.03,1,0,20022,5,0,1009532422,853.98,0.087671235,32,26.686874
1009533272,1,32.36,4,0,17553,1,0,1009533272,7744.52,0.63013697,230,33.671825
1009533329,0,58.57,1,0,22330,1,1,1009533329,15518.58,0.67671233,247,62.82826
1009533354,0,47.42,4,0,21729,2,0,1009533354,9106.3,0.6328767,231,39.42121
1009533387,0,67.29,1,0,18624,4,0,1009533387,6023,0.4520548,165,36.50303
1009534981,1,64.07,1,0,32998,5,0,1009534981,10926.06,0.82191783,300,36.4202
1009535341,0,29.93,4,7864,27388,3,1,1009535341,3966.15,0.35342467,129,30.745348
1009533347,0,68.48,1,0,32856,5,0,1009533347,2987.79,0.26575342,97,30.801958
1009533428,1,25.27,1,0,16043,5,0,1009533428,7385.93,0.44931507,164,45.03616
1009533473,1,25.59,1,0,18071,4,0,1009533473,3683.74,0.22739726,83,44.38241
1009533494,0,30.75,1,0,21221,0,1,1009533494,18592.01,0.63835615,233,79.79404
1009534945,1,20.59,1,0,31855,2,1,1009534945,1217.94,0.12054794,44,27.680454
1009532991,1,20.84,1,0,19156,2,1,1009532991,7463.21,0.6958904,254,29.382717
1009533440,0,53.37,1,0,26400,4,0,1009533440,10072.28,0.72602737,265,38.008602
1009533474,1,25.29,4,0,15003,1,0,1009533474,3697.67,0.23013699,84,44.019882
1009525923,1,47.21,4,0,13868,2,0,1009525923,8430.5,0.64931506,237,35.57173
1009526115,0,56.2,1,0,18199,1,0,1009526115,23266.66,0.6958904,254,91.60102
1009533033,0,48.55,1,0,16229,4,0,1009533033,6121.04,0.61917806,226,27.084248
1009535104,1,53.63,1,0,31390,0,0,1009535104,23183.22,0.6849315,250,92.73288
1009526004,0,54.7,4,0,18053,3,1,1009526004,7614.97,0.5287671,193,39.455803
1009527311,0,38.27,1,0,32993,0,1,1009527311,20065.58,1.4027398,512,39.190586
1009533191,0,74.08,4,0,18322,0,1,1009533191,8206.17,0.68767124,251,32.693905
1009533290,0,54.44,4,0,13340,2,0,1009533290,878.71,0.07945205,29,30.300344
1009533308,0,44.98,1,0,15796,2,0,1009533308,2108.51,0.15342465,56,37.651966
1009535152,0,46.07,4,0,19935,3,0,1009535152,2013.66,0.19726028,72,27.9675
1009551830,1,30.06,4,0,20592,2,0,1009551830,8939.62,0.6630137,242,36.94058
1009533039,0,30.54,1,0,20720,2,1,1009533039,4774.32,0.38630137,141,33.860424
1009533288,1,42.63,4,0,30916,0,1,1009533288,1906.38,0.16986302,62,30.748064
1009533381,0,38.23,4,0,14441,2,0,1009533381,16189.18,0.49863014,182,88.95154
1009551650,0,71.09,1,0,13415,5,0,1009551650,6646.01,0.65753424,240,27.691708
1009526040,0,37.99,4,0,36736,1,1,1009526040,13912.9,0.7123288,260,53.511154
1009527742,1,41.76,1,0,21228,2,0,1009527742,2788.14,0.29589042,108,25.81611
1009529770,0,29.67,1,0,16262,4,0,1009529770,17019.22,1.309589,478,35.605064
1009533060,0,85.53,1,0,37668,1,1,1009533060,1456.8,0.073972605,27,53.955555
1009533270,1,34.45,1,0,16479,1,0,1009533270,9341.16,0.72602737,265,35.24966
1009533282,0,38.45,1,0,13394,3,0,1009533282,7322.92,0.64657533,236,31.029322
1009533287,0,23.97,1,0,18615,2,0,1009533287,1877.5,0.16712329,61,30.778688
1009533488,1,42.53,1,0,15088,3,0,1009533488,8250.09,0.49863014,182,45.330166
1009535137,1,47.52,4,0,19196,3,0,1009535137,8880.74,0.63835615,233,38.114765
1009549280,0,26.63,1,0,32655,3,1,1009549280,8085.62,0.3780822,138,58.59145
1009525881,1,86.16,1,0,15385,2,0,1009525881,6555.77,0.6739726,246,26.649471
1009555320,1,42.9,1,0,22995,4,0,1009555320,2051.85,0.12328767,45,45.59667
1009525953,1,57.5,1,0,21237,1,0,1009525953,8575.81,0.63835615,233,36.806053
1009533218,1,38.42,1,0,13032,2,0,1009533218,10626.76,0.6410959,234,45.413506
1009533260,0,59.92,3,89977,186268,2,0,1009533260,8356.32,0.62739724,229,36.49048
1009534861,0,39.12,1,0,18123,1,1,1009534861,11227.44,0.65753424,240,46.781
1009534909,0,31.91,4,14170,26822,3,0,1009534909,6283.17,0.63013697,230,27.31813
1009532964,1,75.63,1,0,17638,2,1,1009532964,14099.44,0.43835616,160,88.1215
1009533357,1,53.41,1,0,19244,2,0,1009533357,8863.53,0.6739726,246,36.03061
1009534870,1,78.16,2,96443,224002,2,0,1009534870,1699.75,0.14520548,53,32.070755
1009535107,0,63.15,3,98252,217137,1,0,1009535107,3032.02,0.17260274,63,48.1273
1009526940,0,22.84,1,0,13929,1,1,1009526940,6733.31,0.65753424,240,28.055458
1009532910,0,65.28,4,6111,38245,4,0,1009532910,3422.14,0.31232876,114,30.018772
1009533081,1,38.45,1,0,19621,5,0,1009533081,7311.93,0.64657533,236,30.982754
1009533323,1,66.46,1,0,17916,0,0,1009533323,7331.08,0.690411,252,29.091587
1009535035,0,54.93,1,0,19058,5,0,1009535035,2156.53,0.10410959,38,56.75079
1009535227,0,59.6,4,0,18361,4,0,1009535227,2207.67,0.20547946,75,29.4356
1009535359,0,46.47,4,0,20630,3,0,1009535359,8191.68,0.6931507,253,32.37818
1009525851,0,47.58,1,0,29969,2,0,1009525851,8223.85,0.6657534,243,33.843002
1009526013,1,41.01,2,9466,42029,2,0,1009526013,8807.92,0.6547945,239,36.85322
1009527300,1,39.21,4,7823,44981,2,1,1009527300,16870.38,0.65753424,240,70.29325
1009533237,1,43.6,2,98406,133982,0,0,1009533237,3134.2,0.14520548,53,59.13585
1009533258,1,62.32,4,0,22262,1,0,1009533258,15793.32,0.70958906,259,60.97807
1009533383,0,44.07,4,0,21681,4,0,1009533383,14583.55,0.6410959,234,62.322865
1009534936,0,31.14,1,0,20168,2,1,1009534936,1118.22,0.06027397,22,50.828182
1009535308,1,50.85,1,0,21810,1,1,1009535308,3437.6,0.23835616,87,39.51264
1009548170,0,32.98,1,0,19669,1,1,1009548170,9762.53,0.7041096,257,37.9865
1009526082,1,34.51,4,0,15729,1,1,1009526082,9047.25,0.6657534,243,37.23148
1009533057,1,22.71,1,0,28777,1,0,1009533057,3577.92,0.20273973,74,48.35027
1009533201,1,73.89,4,0,16783,3,0,1009533201,8332.73,0.56164384,205,40.647465
1009533548,0,40.78,1,0,16239,4,0,1009533548,10788.03,0.63013697,230,46.90448
1009534978,0,43.82,1,0,21225,2,0,1009534978,8538.08,0.6438356,235,36.332256
1009535092,1,58.79,1,0,22380,2,0,1009535092,11309.84,0.6630137,242,46.734875
1009535419,1,29.66,1,0,19981,2,0,1009535419,10940.96,0.4849315,177,61.81333
1009526073,0,48.19,1,0,17195,2,0,1009526073,6098.74,0.19178082,70,87.124855
1009533243,1,79.39,4,0,16308,1,1,1009533243,4461.11,0.4328767,158,28.234873
1009535434,0,48.6,1,0,25468,5,0,1009535434,5661.01,0.40273973,147,38.510273
1009525965,0,75.03,1,0,19014,0,0,1009525965,9364.85,0.70958906,259,36.157722
1009526025,0,54.99,2,116344,94841,1,0,1009526025,642.43,0.057534248,21,30.591906
1009530862,0,48.6,4,0,20440,0,1,1009530862,18600.12,1.4027398,512,36.328358
1009531330,1,39.29,1,0,14871,1,1,1009531330,16666.34,1.2931507,472,35.310043
1009532931,1,49.27,4,0,17534,3,0,1009532931,8617.16,0.6246575,228,37.794563
1009533465,0,35.71,2,8282,49588,1,1,1009533465,4158.38,0.36712328,134,31.032686
1009534993,1,83.14,1,0,33924,3,0,1009534993,11164.45,0.43561643,159,70.21667
1009535374,1,34.89,1,0,14165,3,1,1009535374,10431.25,0.6821918,249,41.89257
1009533202,1,42.17,4,0,18127,3,0,1009533202,13912.98,1.3369863,488,28.510204
1009533507,0,40.12,4,12053,26802,0,1,1009533507,8395.28,0.6328767,231,36.343204
1009535023,0,46.89,1,0,13166,0,1,1009535023,7636.34,0.6438356,235,32.495064
1009526079,1,58.44,1,0,20879,3,0,1009526079,1608.66,0.17534247,64,25.135313
1009532800,1,45.09,2,112567,99407,5,0,1009532800,18049.94,0.53424656,195,92.5638
1009532963,0,70.25,4,0,20030,2,0,1009532963,24415.27,0.74520546,272,89.762024
1009525995,0,63.73,4,0,20591,2,0,1009525995,40754.72,0.81369865,297,137.22128
1009526007,0,57.72,1,0,14946,2,0,1009526007,5814.54,0.4410959,161,36.115154
1009532982,0,39.24,1,0,22300,2,0,1009532982,4336.73,0.26849315,98,44.252346
1009533152,0,67.31,1,0,18035,1,0,1009533152,7242.74,0.509589,186,38.93946
1009533171,1,40.3,4,13197,62231,4,0,1009533171,3594.68,0.24383561,89,40.389664
1009535245,0,65.83,4,0,17235,0,0,1009535245,7500.45,0.6164383,225,33.335335
1009533045,0,68.74,1,0,31361,0,0,1009533045,15451.65,0.49863014,182,84.89918
1009534684,0,35.8,1,0,24146,4,0,1009534684,10116.6,1.0027397,366,27.640984
1009525839,0,36.12,1,0,15069,3,0,1009525839,8192.55,0.65753424,240,34.135624
1009528570,1,32.72,4,8824,57497,2,0,1009528570,7926.84,0.2547945,93,85.23484
1009533219,0,69.36,1,0,19134,0,0,1009533219,10580.24,0.63835615,233,45.408756
1009535317,0,87.22,2,98712,69971,0,0,1009535317,9969.34,0.7150685,261,38.196705
1009525863,1,22.29,1,0,16832,2,1,1009525863,9598.11,0.35068494,128,74.98524
1009526076,0,27.54,1,0,22912,4,1,1009526076,7343.83,0.5205479,190,38.651737
1009533156,0,53.03,4,0,34289,2,0,1009533156,7487.55,0.4958904,181,41.36768
1009535206,0,62.96,5,118332,453591,2,0,1009535206,15157.62,0.6657534,243,62.377037
1009535230,0,28.92,1,0,21211,1,1,1009535230,9366.02,0.64657533,236,39.686527
1009535281,0,28.9,4,6754,56173,2,1,1009535281,15369.45,0.68767124,251,61.23287
1009535410,0,44.11,1,0,22271,0,1,1009535410,8870.07,0.6,219,40.5026
1009529830,1,41.58,1,0,13470,5,0,1009529830,6457.58,0.66849315,244,26.465492
1009533098,0,56.45,4,0,17613,5,0,1009533098,3049.68,0.20547946,75,40.6624
1009533312,1,52.58,1,0,19920,2,0,1009533312,2116.7,0.12876712,47,45.03617
1009533321,1,21.73,1,0,18079,2,0,1009533321,9214.51,0.63013697,230,40.063087
1009534927,0,47.2,1,0,29720,2,0,1009534927,14232.62,0.6410959,234,60.823162
1009535425,0,34.59,4,0,21042,1,0,1009535425,10915.54,0.6410959,234,46.647606
1009550520,1,49.65,4,0,13865,0,1,1009550520,7757.79,0.70684934,258,30.068953
1009578130,1,51.61,1,0,19129,3,0,1009578130,3589.87,0.27671233,101,35.543266
1009526028,0,39.86,4,0,19328,4,0,1009526028,18590.51,0.54246575,198,93.891464
1009531730,1,63.83,4,0,18073,2,1,1009531730,15515.58,1.4136987,516,30.068953
1009532975,0,72.94,1,0,21145,3,0,1009532975,2824.21,0.20273973,74,38.165
1009533090,1,53.67,4,0,17089,2,0,1009533090,12223.53,0.83835614,306,39.946175
1009533209,1,65.14,1,0,20837,4,0,1009533209,11069.76,0.4712329,172,64.35907
1009526790,0,49.05,1,0,16009,2,0,1009526790,3824.6,0.30136988,110,34.769093
1009531564,1,53.55,4,0,13985,3,0,1009531564,16428.96,1.3205479,482,34.08498
1009532928,0,22.84,1,0,13929,1,1,1009532928,2037.49,0.21643835,79,25.791012
1009534873,0,31.72,1,0,21370,2,0,1009534873,15056.97,0.64931506,237,63.53152
1009535095,1,54.48,4,0,21306,5,0,1009535095,10771.31,0.6520548,238,45.257607
1009535290,0,82.08,4,0,37758,1,0,1009535290,7565.56,0.6712329,245,30.879837
1009547990,0,42.58,1,0,17407,1,0,1009547990,8823.88,0.7013699,256,34.46828
1009532925,0,41.57,4,13666,51638,2,0,1009532925,6869.8,0.48219177,176,39.032955
1009532942,1,54.89,2,102633,109487,4,0,1009532942,15549.84,1.3479452,492,31.605366
1009533212,0,55.29,1,0,19582,0,0,1009533212,5909.09,0.2931507,107,55.22514
1009533252,1,48.88,1,0,18628,3,0,1009533252,5513.2,0.41095892,150,36.754665
1009533350,1,67.82,1,0,19670,5,0,1009533350,2110.93,0.19452055,71,29.73141
1009534921,0,47.03,4,8218,49780,0,1,1009534921,15907.69,0.51232874,187,85.06786
1009535182,0,43,1,0,16272,3,0,1009535182,5954.53,0.35068494,128,46.519764
1009525992,0,30.15,1,0,17246,2,1,1009525992,8147.86,0.6520548,238,34.234707
1009533371,1,49.59,1,0,22620,1,0,1009533371,5351.05,0.43561643,159,33.654404
1009533449,0,26.28,2,14001,38455,4,0,1009533449,11935.18,0.4712329,172,69.39058
1009533555,1,46.09,1,0,21451,2,0,1009533555,9524.08,0.509589,186,51.20473
1009535236,0,22.94,2,91872,62673,3,0,1009535236,2548.91,0.21369863,78,32.678333
1009531096,0,46.25,4,0,13152,4,0,1009531096,18148.1,1.3315068,486,37.34177
1009533309,0,80.76,4,0,16478,2,0,1009533309,2083.22,0.15068494,55,37.876728
1009534903,0,43.96,1,0,21001,4,0,1009534903,2663.1,0.22465754,82,32.47683
1009535143,0,40.6,1,0,14238,1,0,1009535143,7579.55,0.6410959,234,32.39124
1009525815,1,44.76,4,13635,31180,2,1,1009525815,7571.31,0.6958904,254,29.808308
1009530940,1,40.84,1,0,20038,4,0,1009530940,7694.9,0.84931505,310,24.822258
1009532946,0,57.08,2,12921,53751,1,0,1009532946,7333.12,0.6438356,235,31.204765
1009533386,0,27.33,1,0,19238,3,1,1009533386,5992.25,0.44931507,164,36.53811
1009525905,0,37.55,1,0,18751,4,0,1009525905,6975.82,0.23561645,86,81.11419
1009525971,1,26.19,4,0,15629,1,1,1009525971,9543.3,0.6712329,245,38.952244
1009533195,0,41.92,1,0,16255,2,1,1009533195,6872.44,0.62739724,229,30.010654
1009535161,0,26.06,1,0,18231,2,1,1009535161,13839.52,0.7041096,257,53.850273
1009535173,0,60.74,1,0,15143,2,0,1009535173,7831.78,0.6739726,246,31.836504
1009526112,0,46.46,2,93613,137448,4,0,1009526112,5258.27,0.51232874,187,28.119091
1009533009,0,22.84,2,95599,92734,2,0,1009533009,17118.78,0.67945206,248,69.027336
1009533254,0,56.6,4,0,16668,2,0,1009533254,6540.55,0.51232874,187,34.976204
1009533302,1,41.43,1,0,14564,4,0,1009533302,6265.24,0.25205478,92,68.10043
1009526070,0,56.61,1,0,19019,1,1,1009526070,12703.55,0.6712329,245,51.851223
1009529926,1,49.51,1,0,34859,2,0,1009529926,12859.74,0.83287674,304,42.301777
1009533531,1,30.06,1,0,19367,4,0,1009533531,7410.81,0.53424656,195,38.004154
1009548690,0,67.14,1,0,21107,3,0,1009548690,9074.05,0.6657534,243,37.34177
1009578840,0,48.45,1,0,13039,1,0,1009578840,5088.76,0.5068493,185,27.506811
1009526580,1,85.43,1,0,16787,4,0,1009526580,1353.68,0.13150685,48,28.201666
1009531670,0,50.28,1,0,20313,4,0,1009531670,2933.53,0.23287672,85,34.51212
1009534954,0,57.58,1,0,29376,1,0,1009534954,5551.72,0.42739725,156,35.587948
1009535368,1,44.78,4,0,14836,5,0,1009535368,2104.88,0.101369865,37,56.88865
1009529224,1,47.97,1,0,14028,0,1,1009529224,21361.48,1.3863014,506,42.216362
1009533008,1,39.13,4,0,13911,2,0,1009533008,17148.3,0.6821918,249,68.868675
1009534852,1,40.04,4,9837,44792,4,0,1009534852,2643.26,0.19178082,70,37.760857
1009535074,0,36.83,4,0,13044,0,1,1009535074,7997.21,0.57260275,209,38.264164
1009526103,0,30.16,4,0,37568,1,1,1009526103,3542.07,0.27123287,99,35.778484
1009532922,1,67.93,1,0,19013,4,0,1009532922,6603.88,0.22739726,83,79.56482
1009533164,0,64.24,1,0,13583,4,0,1009533164,10543.84,0.6958904,254,41.51118
1009533369,0,63.81,3,78373,93138,1,0,1009533369,7354.06,0.60273975,220,33.427544
1009535356,0,37.49,1,0,16342,1,1,1009535356,8110.11,0.6739726,246,32.967926
1009525875,1,72.6,4,0,15869,4,0,1009525875,8793.15,0.6630137,242,36.33533
1009529720,0,46.65,1,0,20384,4,0,1009529720,8630.03,0.6547945,239,36.108913
1009533261,1,31.29,5,100717,406167,3,1,1009533261,8319.94,0.6246575,228,36.490967
1009533509,0,43.83,2,10268,25719,1,0,1009533509,36422.95,0.72602737,265,137.4451
1009530160,0,61.84,4,7843,57468,2,0,1009530160,14450.78,1.0465753,382,37.829266
1009530394,0,25,4,0,17191,2,1,1009530394,8412.8,0.36712328,134,62.78209
1009530470,1,34.01,1,0,17001,1,1,1009530470,7672.71,0.6630137,242,31.705414
1009531610,0,33.42,1,0,21143,0,1,1009531610,8795.43,0.64931506,237,37.11152
1009533372,1,38.36,1,0,16630,1,1,1009533372,5356.61,0.43835616,160,33.478813
1009535032,0,47.33,1,0,17136,4,1,1009535032,7984.49,0.509589,186,42.927364
1009533174,0,51.46,4,0,17957,1,0,1009533174,10011.48,0.6821918,249,40.206745
1009526590,1,44.78,4,0,14836,5,0,1009526590,2944.9,0.27945206,102,28.871569
1009533108,1,28.29,1,0,15574,1,0,1009533108,9740.14,0.690411,252,38.65135
1009533279,0,63.6,4,0,20485,1,0,1009533279,4125.34,0.3479452,127,32.48299
1009534846,1,51.86,4,0,16655,1,0,1009534846,3548.95,0.26849315,98,36.213776
1009526800,1,58.91,1,0,21897,1,0,1009526800,6584.77,0.4739726,173,38.062256
1009533246,1,39.53,2,103505,148588,1,1,1009533246,6498.99,0.5369863,196,33.15811
1009533324,0,64.91,4,0,14847,5,0,1009533324,7366.32,0.6931507,253,29.115889
1009535302,0,31.26,1,0,30139,0,1,1009535302,15825.46,0.6356164,232,68.21319
1009549980,1,68.53,2,12119,28034,1,0,1009549980,8086.68,0.42739725,156,51.837692
1009532924,0,50.87,1,0,19302,1,0,1009532924,13819.26,0.969863,354,39.037457
1009533356,0,46.52,1,0,26738,5,0,1009533356,8831.5,0.6712329,245,36.04694
1009533413,0,63.78,4,0,29303,2,0,1009533413,7663.2,0.6821918,249,30.775904
1009533512,1,42.51,1,0,17719,0,1,1009533512,10315.36,0.6438356,235,43.89515
1009525797,0,48.46,2,11258,20142,1,1,1009525797,1651.22,0.14520548,53,31.155094
1009525806,1,41.47,1,0,20747,2,0,1009525806,6713.15,0.6547945,239,28.088493
1009525812,0,79.02,4,0,18594,1,0,1009525812,16601.95,0.53424656,195,85.13821
1009528210,0,80.76,4,0,16478,2,0,1009528210,18760.34,0.6739726,246,76.26154
1009533165,1,84.86,1,0,19850,0,0,1009533165,10577.67,0.69863015,255,41.48106
1009533422,1,43.47,1,0,22855,2,0,1009533422,3827.5,0.2630137,96,39.869793
1009533518,1,54.36,1,0,27060,5,0,1009533518,9875.35,0.4849315,177,55.79294
1009534864,0,33.39,1,0,22939,0,1,1009534864,9400.33,0.63835615,233,40.344765
1009526100,1,71.56,1,0,23688,0,1,1009526100,21472.03,1.1616439,424,50.64158
1009528678,0,34.41,1,0,26901,2,0,1009528678,12915.16,1.3369863,488,26.465492
1009533018,1,43.16,1,0,16852,4,0,1009533018,2887.74,0.24931507,91,31.733406
1009533168,0,42.28,1,0,17908,1,1,1009533168,3153.05,0.16986302,62,50.855644
1009535398,1,36.23,1,0,17859,0,1,1009535398,2871,0.20273973,74,38.7973
1009526550,0,37.49,1,0,16342,1,1,1009526550,6945.68,0.36164382,132,52.61879
1009533078,1,61.65,1,0,18003,5,0,1009533078,5672.87,0.4410959,161,35.235218
1009533368,0,89.67,1,0,19140,3,0,1009533368,7376.75,0.6054795,221,33.37896
1009534843,1,59.28,4,0,13419,4,0,1009534843,5538.82,0.37260273,136,40.726616
1009534855,1,32.28,1,0,20874,4,0,1009534855,1244.21,0.07945205,29,42.903793
1009535353,0,39.86,1,0,22628,3,0,1009535353,9426.1,0.690411,252,37.40516
1009525780,0,35.21,1,0,13473,4,0,1009525780,4027.49,0.27671233,101,39.876137
1009525830,0,27.66,1,0,19226,2,1,1009525830,7227.5,0.64931506,237,30.49578
1009531408,1,37.71,1,0,33661,2,0,1009531408,16173.36,0.8547945,312,51.837692
1009531486,0,37.63,1,0,25923,3,0,1009531486,6849.88,0.46027398,168,40.773094
1009531690,1,51.81,4,5029,26524,4,0,1009531690,496.27,0.024657534,9,55.14111
1009525908,1,72.76,2,97832,114646,1,1,1009525908,6541.83,0.22739726,83,78.81723
1009525926,0,69.81,1,0,19633,1,0,1009525926,9144.19,0.63013697,230,39.757347
1009532955,1,55,1,0,14414,2,1,1009532955,7669.7,0.6328767,231,33.202164
1009533504,1,52.52,1,0,14573,3,0,1009533504,4565.74,0.31232876,114,40.05035
1009535014,0,68.56,1,0,15060,2,0,1009535014,7546.46,0.55342466,202,37.35871
1009535116,0,52.5,1,0,24924,0,0,1009535116,2618,0.16712329,61,42.918034
1009535167,0,40.56,4,0,17102,2,0,1009535167,992.58,0.090410955,33,30.078182
1009525785,0,31.1,2,111192,129276,2,0,1009525785,10428.48,0.67945206,248,42.050323
1009526960,0,57.61,1,0,13095,0,0,1009526960,8550.6,0.7561644,276,30.980434
1009527352,1,63.71,1,0,20322,2,0,1009527352,14497.52,1.3041096,476,30.456974
1009528620,0,62.12,3,119243,171078,4,0,1009528620,8557.37,0.17260274,63,135.83127
1009531954,1,60.05,1,0,20645,2,0,1009531954,11989.34,0.89863014,328,36.552864
1009532897,1,59.98,2,7497,24562,2,0,1009532897,2906.62,0.22465754,82,35.446587
1009533071,0,25.44,3,102786,115630,2,1,1009533071,14048.24,0.6712329,245,57.339756
1009533198,0,30.91,4,14822,68122,2,0,1009533198,8188.65,0.5863014,214,38.26472
1009533485,0,47.03,1,0,16492,2,0,1009533485,8257.38,0.56438357,206,40.08437
1009534963,1,76.36,1,0,15475,2,0,1009534963,4975.6,0.37534246,137,36.31825
1009535083,1,50.77,1,0,28295,1,1,1009535083,15577.2,0.64931506,237,65.726585
1009525821,1,68.35,1,0,20891,2,0,1009525821,8982.25,0.69863015,255,35.22451
1009527810,1,56.09,1,0,16218,4,1,1009527810,1312.32,0.1369863,50,26.2464
1009533111,1,51.55,4,0,25755,2,0,1009533111,3852.22,0.24931507,91,42.33209
1009533423,1,44.99,2,5154,43830,3,0,1009533423,3784.32,0.26027396,95,39.834946
1009533456,1,68.87,1,0,15323,1,0,1009533456,8969.58,0.6849315,250,35.87832
1009533471,1,50.61,1,0,27145,5,0,1009533471,6542.08,0.50410956,184,35.554783
1009535254,0,46.59,1,0,22822,2,0,1009535254,16551.47,0.539726,197,84.01762
1009551420,0,51.27,1,0,19535,1,0,1009551420,7434.84,0.5205479,190,39.130737
1009525929,0,44.71,4,0,14840,1,1,1009525929,6338.37,0.41095892,150,42.2558
1009526037,0,40.11,4,0,24808,0,1,1009526037,8954.28,0.6547945,239,37.465607
1009527508,1,60.14,2,81781,95592,5,0,1009527508,12441.46,0.7561644,276,45.077755
1009530300,1,63.09,1,0,16106,4,1,1009530300,8432.11,0.690411,252,33.460754
1009532907,1,22.93,4,9058,39647,4,0,1009532907,1836.89,0.10410959,38,48.33921
1009533519,0,24.86,1,0,16691,0,1,1009533519,9783.4,0.48219177,176,55.5875
1009557500,0,59.79,4,0,33976,4,0,1009557500,13331.97,0.6547945,239,55.782303
1009528444,0,31.48,1,0,15981,2,0,1009528444,9572.94,0.5260274,192,49.859062
1009532500,0,72.76,4,0,18971,4,0,1009532500,37081.2,1.0684931,390,95.08
1009533066,0,31.69,2,70698,124381,2,1,1009533066,7355.82,0.66849315,244,30.146803
1009535251,1,33.99,1,0,18043,1,0,1009535251,8283.03,0.5260274,192,43.14078
1009525884,0,65.9,1,0,19061,4,0,1009525884,2069.89,0.13972603,51,40.58608
1009533005,0,35.13,4,0,27251,2,0,1009533005,8612.19,0.6739726,246,35.008904
1009533141,1,49.02,1,0,17184,1,0,1009533141,2885.82,0.19452055,71,40.64535
1009533447,0,73.91,1,0,24935,1,0,1009533447,11770.02,0.4958904,181,65.02773
1009535278,0,68.74,1,0,18058,2,0,1009535278,1142.15,0.11780822,43,26.561628
1009533276,1,65.3,1,0,22611,3,0,1009533276,2144.83,0.2109589,77,27.854935
1009533540,1,29.6,1,0,21586,3,1,1009533540,16819.81,0.6849315,250,67.27924
1009535113,0,57.09,4,0,14172,4,0,1009535113,3384.29,0.1589041,58,58.349827
1009525956,0,27.34,2,116186,95416,3,0,1009525956,8722.23,0.6931507,253,34.475216
1009532930,1,63.71,4,0,15033,1,0,1009532930,17306.64,1.2547945,458,37.787422
1009532949,0,55.73,1,0,14919,1,0,1009532949,11439.59,0.51232874,187,61.17428
1009532969,0,43.88,1,0,21803,1,1,1009532969,3724.7,0.27945206,102,36.516666
1009533135,1,27.07,4,0,13660,4,0,1009533135,988.7,0.08493151,31,31.893549
1009533554,1,36.26,1,0,13225,2,0,1009533554,9517.31,0.509589,186,51.168335
1009534450,0,87.36,1,0,21054,0,1,1009534450,7243.93,0.5589041,204,35.50946
1009534450,0,23.16,4,10810,34739,2,0,1009534450,7243.93,0.5589041,204,35.50946
1009535401,0,30.29,2,5541,36901,0,1,1009535401,7733.57,0.63835615,233,33.191288
1009533048,1,56.61,1,0,16790,2,0,1009533048,17857.97,0.55342466,202,88.40579
1009533245,1,28.01,4,0,20550,5,1,1009533245,6425.52,0.53424656,195,32.951385
1009533480,0,36.32,1,0,33802,0,1,1009533480,8189.25,0.68767124,251,32.626495
1009535026,1,33.87,1,0,19416,5,0,1009535026,8949.06,0.72328764,264,33.897953
1009535101,1,44.47,4,7203,56487,0,1,1009535101,5630.51,0.4,146,38.565136
1009535263,1,46.78,1,0,37316,1,1,1009535263,5748.96,0.43835616,160,35.931
1009551980,0,23.15,4,0,20428,0,1,1009551980,10099.24,0.6958904,254,39.760788
1009553830,0,36.22,1,0,20093,2,0,1009553830,7628.76,0.5369863,196,38.922245
1009525974,1,67.5,1,0,13616,0,0,1009525974,8962.8,0.66027397,241,37.19004
1009533192,1,58.1,1,0,20237,2,0,1009533192,8225.01,0.690411,252,32.638927
1009578760,1,25.41,1,0,16971,5,0,1009578760,7642.24,0.6630137,242,31.579504
1009526019,1,35.89,2,5002,56792,4,0,1009526019,8714.23,0.6547945,239,36.461212
1009526061,0,34.69,4,0,26797,2,0,1009526061,2966.56,0.2849315,104,28.524616
1009527664,1,46.59,1,0,22943,2,0,1009527664,15112.64,1.3863014,506,29.866877
1009526055,0,71.42,1,0,19360,1,0,1009526055,6996.57,0.6712329,245,28.557428
1009533251,0,60.84,1,0,18143,1,0,1009533251,5460.89,0.4082192,149,36.65027
1009533255,1,87.04,1,0,20678,2,0,1009533255,6488.24,0.509589,186,34.88301
1009533545,0,46.27,3,90127,67174,3,0,1009533545,6010.56,0.29863015,109,55.142754
1009535293,1,31.7,1,0,21964,2,1,1009535293,8249.7,0.65753424,240,34.37375
1009529740,0,33.71,1,0,33862,0,1,1009529740,12871.24,0.6520548,238,54.08084
1009532997,1,42.09,1,0,20445,2,0,1009532997,14923.92,0.6356164,232,64.32724
1009533092,1,65.07,1,0,18629,1,0,1009533092,15390.52,0.6164383,225,68.40231
1009533401,0,52.77,1,0,14099,2,0,1009533401,1210.35,0.12876712,47,25.752129
1009534999,0,33.85,1,0,20321,2,0,1009534999,8537.12,0.6520548,238,35.87025
1009525998,0,46.93,1,0,22122,1,1,1009525998,7857.7,0.7123288,260,30.221924
1009532985,0,50.13,1,0,17436,3,0,1009532985,11056.85,0.6438356,235,47.050426
1009533062,0,78.75,1,0,17446,2,0,1009533062,10038.63,0.6082192,222,45.219055
1009533338,0,79.96,4,0,13387,1,0,1009533338,8327.09,0.6410959,234,35.585854
1009526043,1,59.69,1,0,16058,2,0,1009526043,7526.57,0.53150684,194,38.796753
1009531720,0,33.32,4,0,19620,1,1,1009531720,8509.61,0.6547945,239,35.605064
1009533173,0,81.26,4,0,20095,1,0,1009533173,9909.74,0.67945206,248,39.95863
1009533380,0,56.67,2,9622,43342,1,1,1009533380,16241.56,0.50136983,183,88.75169
1009533441,0,46.47,4,0,31482,0,1,1009533441,10107.58,0.7287671,266,37.99842
1009534915,1,76.23,2,77526,143463,2,0,1009534915,4936.52,0.4,146,33.81178
1009525845,1,58.16,4,12402,34229,2,0,1009525845,1312.15,0.13424657,49,26.778572
1009525935,1,41.98,4,7462,45292,4,0,1009525935,6410.74,0.52328765,191,33.564083
1009527350,1,44.19,1,0,15497,0,1,1009527350,7338.82,0.66027397,241,30.451536
1009527430,0,52.49,4,10063,27843,0,0,1009527430,5092,0.36164382,132,38.575756
1009534879,1,66.87,1,0,33263,1,0,1009534879,6894.97,0.6739726,246,28.028334
1009532936,0,27.92,1,0,18379,5,1,1009532936,15270.18,1.1068493,404,37.797474
1009533063,0,64.64,1,0,17262,3,0,1009533063,10018.19,0.6054795,221,45.331177
1009533670,0,55.99,1,0,17733,2,0,1009533670,12649.19,0.41095892,150,84.327934
1009535260,1,82.59,4,0,22719,1,0,1009535260,14826.84,0.6520548,238,62.297646
1009552490,0,68.13,4,0,19175,3,0,1009552490,426.99,0.043835618,16,26.686874
1009533483,1,50.93,1,0,29043,4,0,1009533483,8112.54,0.67945206,248,32.711853
1009535155,0,41.97,4,11631,27628,2,0,1009535155,4256.51,0.36164382,132,32.24629
1009525770,1,24.5,1,0,22318,2,0,1009525770,4159.56,0.2849315,104,39.99577
1009525872,1,62.07,1,0,17599,2,1,1009525872,4539.48,0.24931507,91,49.884396
1009528054,0,66.44,1,0,16561,2,0,1009528054,32234.58,1.0630137,388,83.07881
1009530720,1,41.05,1,0,17576,2,0,1009530720,8776.81,0.6931507,253,34.69095
1009532812,1,30.41,4,7326,60982,2,0,1009532812,27621.42,1.4136987,516,53.529884
1009533221,0,60.05,4,0,16044,3,0,1009533221,9829.26,0.53424656,195,50.40646
1009533281,1,40.9,1,0,13916,0,1,1009533281,7372.2,0.64931506,237,31.106329
1009527770,0,48.7,1,0,19126,2,0,1009527770,8353.46,0.6739726,246,33.957153
1009527898,0,65.6,4,0,14825,0,0,1009527898,16160.06,1.2986301,474,34.092953
1009532906,1,61.46,1,0,19457,2,0,1009532906,3725.66,0.21369863,78,47.764874
1009533146,1,42.21,1,0,14226,2,1,1009533146,7491.15,0.6328767,231,32.429222
1009533280,1,26.35,4,0,16110,3,0,1009533280,4045.56,0.24109589,88,45.97227
1009533410,0,47.65,1,0,18783,4,0,1009533410,13331.05,1.0630137,388,34.358376
1009533450,0,81.41,1,0,16079,2,0,1009533450,11975.83,0.4739726,173,69.22445
1009533546,1,33.74,4,6182,21142,4,0,1009533546,6108.6,0.30136988,110,55.532726
1009535062,0,36.82,4,0,21573,0,1,1009535062,10966.49,0.5287671,193,56.82119
1009535080,1,29.91,1,0,25642,0,1,1009535080,9540.94,0.7150685,261,36.555325
1009527880,1,73.55,1,0,17947,4,0,1009527880,1244.15,0.09589041,35,35.547142
1009532912,1,23.33,1,0,18591,3,0,1009532912,25856.42,1.2712328,464,55.725044
1009533269,0,63.41,1,0,15509,2,0,1009533269,9310.03,0.72328764,264,35.265266
1009533552,1,48.15,1,0,27592,3,0,1009533552,11214.79,0.68767124,251,44.68044
1009532901,0,39.52,1,0,13821,2,0,1009532901,12122.37,0.6356164,232,52.251595
1009532945,1,54.9,4,0,22782,5,0,1009532945,14688.4,1.2931507,472,31.119492
1009533003,1,77.96,4,0,22717,5,0,1009533003,6776.74,0.66027397,241,28.119253
1009533342,0,36,4,5350,52042,5,1,1009533342,17406.92,0.7150685,261,66.69318
1009533506,0,51.55,1,0,14772,0,1,1009533506,8403.03,0.6356164,232,36.219955
1009533592,1,30.88,1,0,22041,2,1,1009533592,25024.09,1.3205479,482,51.9172
1009556650,0,72.12,1,0,16269,1,0,1009556650,3007.1,0.29041097,106,28.368868
1009533284,1,35.5,4,0,13814,1,0,1009533284,14065.2,0.7150685,261,53.889656
1009535002,1,49.25,1,0,15712,0,0,1009535002,10727.28,0.70958906,259,41.418068
1009551440,1,62.4,1,0,18135,2,0,1009551440,5994.67,0.44931507,164,36.552864
1009533362,0,26.89,4,0,21071,2,0,1009533362,873.31,0.05479452,20,43.6655
1009533452,1,53.16,1,0,25171,4,0,1009533452,8453.93,0.6356164,232,36.439354
1009533513,1,45.35,4,0,20101,1,1,1009533513,10215.29,0.6410959,234,43.655087
1009535056,1,64.4,4,0,18703,1,0,1009535056,11227.44,0.6821918,249,45.090122
1009535242,1,39.31,2,12327,21830,1,1,1009535242,6530.48,0.6630137,242,26.985455
1009533050,0,31.85,4,0,17279,3,0,1009533050,20266.8,1.1589041,423,47.912056
1009534294,1,50.78,1,0,16213,2,0,1009534294,14986.01,1.3260274,484,30.962831
1009534969,0,25.44,2,8439,30757,0,1,1009534969,15532.93,0.62739724,229,67.82939
1009535044,1,28.35,1,0,25604,2,1,1009535044,2910.43,0.15616438,57,51.060177
1009535158,1,33.33,3,108146,147931,0,1,1009535158,7597.88,0.66027397,241,31.526472
1009547530,0,44.3,3,85402,73856,2,0,1009547530,390.48,0.01369863,5,78.096
1009525944,0,22.24,2,104353,179889,1,1,1009525944,7020.94,0.43835616,160,43.880875
1009530472,0,89.95,4,0,20147,5,0,1009530472,780.96,0.02739726,10,78.096
1009533002,0,59.61,4,0,28614,5,0,1009533002,6791.92,0.6630137,242,28.065784
1009525794,1,47.72,3,90419,111569,5,0,1009525794,5248.02,0.19452055,71,73.91577
1009532954,0,43.08,2,14669,56740,1,0,1009532954,15374.74,1.2712328,464,33.135216
1009533030,1,52.2,1,0,15726,2,0,1009533030,872.39,0.06027397,22,39.65409
1009533228,0,43.87,4,6823,30135,2,0,1009533228,23529.78,0.69863015,255,92.27364
1009533431,1,60.9,2,12361,39935,4,0,1009533431,3520.04,0.24931507,91,38.68176
1009534930,1,21.67,1,0,16099,4,0,1009534930,5667.15,0.42739725,156,36.327885
1009535248,0,45.86,1,0,18422,2,0,1009535248,5189.73,0.42465752,155,33.48213
1009525896,0,44.8,1,0,20636,4,0,1009525896,7629.23,0.65753424,240,31.788458
1009526034,1,23.82,4,0,17105,2,1,1009526034,13970.8,0.6958904,254,55.00315
1009526109,1,74.35,1,0,33158,2,0,1009526109,7599.09,0.65753424,240,31.662874
1009527470,0,77.19,2,12156,29698,4,0,1009527470,6216.01,0.3780822,138,45.043552
1009533162,1,89.07,1,0,21748,1,1,1009533162,18930.69,0.63013697,230,82.30735
1009535221,1,71.56,1,0,23688,0,1,1009535221,9801.11,0.6849315,250,39.20444
1009532979,0,48.38,1,0,21762,1,0,1009532979,999.79,0.06575342,24,41.657917
1009533129,1,38.32,1,0,14649,2,0,1009533129,9633.26,0.6328767,231,41.702423
1009533314,1,73.8,1,0,16990,2,0,1009533314,3494.96,0.23013699,84,41.606667
1009533389,1,39.33,1,0,14018,4,0,1009533389,2307.64,0.14520548,53,43.54038
1009532898,1,54.48,1,0,17453,2,0,1009532898,1474.08,0.115068495,42,35.09714
1009533435,1,56.08,1,0,22271,4,0,1009533435,8563.49,0.63835615,233,36.753178
1009534867,0,33.55,1,0,28116,2,0,1009534867,7287.29,0.6821918,249,29.266226
1009534990,0,63.28,4,0,24610,2,0,1009534990,12568.13,0.53424656,195,64.45195
1009526046,1,42.73,4,11255,32400,1,1,1009526046,20591.03,0.5178082,189,108.94725
1009533257,0,61.07,1,0,13064,2,0,1009533257,15756.94,0.70684934,258,61.07341
1009533549,0,34.69,1,0,14463,2,0,1009533549,10689.99,0.62739724,229,46.68118
1009533134,1,65.72,1,0,14801,1,1,1009533134,921.03,0.08219178,30,30.701
1009533303,1,59.62,1,0,14924,3,1,1009533303,6160.54,0.24931507,91,67.69824
1009533359,1,33.13,1,0,22853,1,1,1009533359,2437.91,0.20273973,74,32.94473
1009535185,0,50.07,4,0,32507,2,0,1009535185,2241.75,0.16438356,60,37.3625
1009535428,0,49.05,1,0,16009,2,0,1009535428,11104.95,0.6739726,246,45.142075
1009525836,0,26.76,1,0,17812,0,1,1009525836,6350.06,0.39178082,143,44.406013
1009531840,0,42.16,1,0,21815,1,0,1009531840,9052.69,0.6246575,228,39.70478
1009533068,1,52.22,4,0,17073,1,0,1009533068,1286.6,0.13150685,48,26.804167
1009535200,1,53.33,4,13964,39532,0,0,1009535200,7246.08,0.67945206,248,29.218065
1009532994,0,32.02,3,92072,194103,0,1,1009532994,1832.8,0.1589041,58,31.6
1009533436,0,27.15,1,0,21619,2,0,1009533436,26452.24,1.3013699,475,55.688927
1009532948,0,54.77,1,0,27813,1,0,1009532948,22857.02,1.019178,372,61.443604
1009533123,1,47.58,2,88725,114324,2,0,1009533123,8416.56,0.63835615,233,36.122574
1009534216,0,59.32,1,0,20241,4,0,1009534216,15877.4,1.380822,504,31.502777
1009535131,1,36.29,4,0,13900,1,1,1009535131,6929.3,0.52328765,191,36.279057
1009533116,1,52.97,4,0,35350,1,0,1009533116,10731.19,0.42465752,155,69.23348
1009533185,1,37.1,4,0,24080,3,0,1009533185,11310.63,0.539726,197,57.414364
1009534984,0,51.58,2,9722,60601,1,0,1009534984,9872.56,0.7041096,257,38.41463
1009535077,0,70.11,3,99043,140478,3,0,1009535077,8524.17,0.5753425,210,40.591286
1009535212,0,56.61,1,0,19019,1,1,1009535212,7119.66,0.7013699,256,27.811172
1009533170,1,45.73,1,0,35457,4,0,1009533170,3600.7,0.24657534,90,40.00778
1009534882,0,36.14,2,87882,137992,3,0,1009534882,8484.08,0.6630137,242,35.05818
1009532913,1,37.72,1,0,22430,5,0,1009532913,12916.93,0.6328767,231,55.917446
1009533053,1,31.25,1,0,15886,1,1,1009533053,5548.39,0.41643837,152,36.502567
1009533222,1,51.12,4,0,17404,0,1,1009533222,9829.26,0.53424656,195,50.40646
1009533297,0,60.7,4,0,19002,2,0,1009533297,7676.43,0.66027397,241,31.852407
1009533498,1,52.31,1,0,16409,2,0,1009533498,10843.02,0.6958904,254,42.689056
1009555190,1,58.89,1,0,14076,2,0,1009555190,6927.42,0.6657534,243,28.507902
1009533182,0,74.87,1,0,27450,0,0,1009533182,2276.81,0.16986302,62,36.72274
1009533306,1,43.18,4,0,16805,3,0,1009533306,6113.06,0.36438355,133,45.962856
1009533398,1,53.95,1,0,16077,2,0,1009533398,7761.66,0.720548,263,29.512014
1009534957,0,51.44,4,5138,28311,3,0,1009534957,7433.08,0.66027397,241,30.842655
1009532921,1,51.69,1,0,22567,2,0,1009532921,13128.1,0.44931507,164,80.04939
1009533183,0,60.77,4,0,13007,3,0,1009533183,2273.46,0.16712329,61,37.269836
1009533411,1,67.34,1,0,16776,2,0,1009533411,5289.26,0.40273973,147,35.98136
1009532960,0,42.1,1,0,15803,3,0,1009532960,9884.2,0.969863,354,27.921469
1009533072,0,87.34,1,0,20330,0,0,1009533072,13884.88,0.66849315,244,56.905247
1009533233,1,47.52,1,0,21028,1,1,1009533233,3491.66,0.18082191,66,52.90394
1009533419,1,68.67,1,0,13623,2,0,1009533419,5198.33,0.39726028,145,35.85055
1009535068,0,61.06,4,0,21033,2,0,1009535068,8131.27,0.67671233,247,32.92012
1009533416,1,23.27,1,0,14337,4,0,1009533416,8152.06,0.64657533,236,34.542625
1009533527,1,68.64,1,0,13533,1,0,1009533527,7399.53,0.67671233,247,29.957611
1009533528,1,65.89,4,0,14339,3,0,1009533528,7487.35,0.67945206,248,30.190928
1009554650,1,50.63,1,0,30944,2,1,1009554650,12470.95,0.6630137,242,51.532852
1009534885,1,36.85,1,0,16692,1,1,1009534885,17276.41,0.6931507,253,68.28621
1009534948,1,31.33,4,0,26650,2,0,1009534948,14416,0.6821918,249,57.895584
1009535119,1,42.57,4,12525,25116,4,0,1009535119,4567.85,0.44657534,163,28.023619
1009535383,0,29.25,1,0,20122,0,1,1009535383,8516.85,0.64657533,236,36.08835
1009532952,1,42.02,1,0,20365,5,0,1009532952,3730.09,0.29589042,108,34.53787
1009535239,1,27.83,1,0,24525,2,0,1009535239,762.31,0.043835618,16,47.644375
1009535272,1,89.72,4,0,26531,4,0,1009535272,11195.58,0.65753424,240,46.64825
1009526067,0,47.22,4,12536,39614,3,0,1009526067,7746.78,0.69863015,255,30.37953
1009528522,1,85.9,4,0,16657,2,1,1009528522,17092.32,1.2986301,474,36.059746
1009528756,0,45.64,1,0,36060,5,0,1009528756,3972.32,0.26849315,98,40.53388
1009533020,1,70.76,1,0,20559,2,0,1009533020,8956.21,0.63013697,230,38.940044
1009533080,0,64.69,1,0,20246,2,0,1009533080,7341.96,0.64931506,237,30.978735
1009533224,0,23.82,1,0,27288,5,0,1009533224,5533.85,0.3890411,142,38.970776
1009533291,1,48.96,2,6477,37336,2,0,1009533291,849.83,0.076712325,28,30.351072
1009533510,0,64.53,1,0,13973,5,0,1009533510,36523.02,0.7287671,266,137.30458
1009529614,0,54.68,1,0,30413,2,0,1009529614,5867.06,0.46575344,170,34.51212
1009533120,1,41.64,4,11530,33965,2,1,1009533120,8957.12,0.6821918,249,35.97237
1009533446,1,59.57,1,0,22358,1,1,1009533446,11794.95,0.49863014,182,64.80742
1009533497,1,34.5,4,0,21009,5,0,1009533497,10633.49,0.6931507,253,42.029606
1009525920,0,40.56,4,0,17102,2,0,1009525920,575.38,0.030136986,11,52.307274
1009526031,0,70.59,3,104031,88246,0,1,1009526031,2623.68,0.21917808,80,32.796
1009526088,0,42.58,4,0,30808,3,0,1009526088,7685.13,0.5589041,204,37.672207
1009527440,1,61.65,1,0,18003,5,0,1009527440,2544.45,0.1780822,65,39.145386
1009532966,0,52.51,1,0,15258,4,0,1009532966,5359.61,0.36164382,132,40.603107
1009533425,0,38.63,1,0,15483,5,0,1009533425,14532.94,0.6246575,228,63.740967
1009533486,0,32.53,1,0,22563,5,1,1009533486,8289.77,0.5671233,207,40.0472
1009535005,0,37.85,1,0,19454,4,0,1009535005,9990.89,0.64657533,236,42.33428
1009527000,0,57.08,2,12921,53751,1,0,1009527000,33376.76,1.0849315,396,84.284744
1009527030,1,55,1,0,14414,2,1,1009527030,20615.67,1.9890411,726,28.39624
1009532656,0,35.7,4,0,19011,1,0,1009532656,27771.78,1.380822,504,55.102737
1009535053,1,44.51,1,0,19992,4,1,1009535053,34805.69,0.690411,252,138.11781
1009525809,0,38.64,4,0,22684,1,0,1009525809,4253.18,0.37534246,137,31.045109
1009532188,0,85.74,1,0,14349,1,0,1009532188,20198.48,1.3917809,508,39.760788
1009533110,1,59.37,4,12273,50453,4,0,1009533110,3790.28,0.24657534,90,42.114223
1009533405,1,65.97,4,0,16969,4,0,1009533405,15248.47,0.6739726,246,61.98565
1009533492,1,60.41,2,80429,208334,2,1,1009533492,2346.72,0.115068495,42,55.874287
1009535125,0,35.21,1,0,13473,4,0,1009535125,12594.53,0.6438356,235,53.593746
1009535179,0,59.14,1,0,19740,2,0,1009535179,6641.67,0.2630137,96,69.18406
1009554460,1,56.25,1,0,19421,2,1,1009554460,1125.5,0.087671235,32,35.171875
1009525788,0,49.84,1,0,17867,2,0,1009525788,3591.61,0.1890411,69,52.05232
1009527586,1,71.53,1,0,28466,3,0,1009527586,16643.76,1.3424658,490,33.966858
1009533086,1,40.09,1,0,18426,1,0,1009533086,4638.27,0.36438355,133,34.87421
1009535392,0,20.76,1,0,24009,0,1,1009535392,3189.12,0.21369863,78,40.886154
1009547980,0,35.73,1,0,20834,5,0,1009547980,8898.47,0.6657534,243,36.619217
1009531642,1,72.77,1,0,20381,2,0,1009531642,81376.2,1.6109589,588,138.3949
1009533128,0,35.77,4,0,15808,1,1,1009533128,9660.66,0.6356164,232,41.640778
1009533210,0,56.85,1,0,17779,2,0,1009533210,10988,0.46849316,171,64.25731
1009533249,0,60.71,1,0,18667,4,0,1009533249,12330.6,0.63013697,230,53.611305
1009578870,1,49.64,3,74025,97865,3,0,1009578870,13757.32,0.41643837,152,90.50868
1009526052,1,40.87,4,6718,29900,3,0,1009526052,12401.8,0.65753424,240,51.674168
1009531252,1,56.64,1,0,20795,0,0,1009531252,26608.98,0.56438357,206,129.1698
1009533384,0,31.7,1,0,14441,2,1,1009533384,14552.8,0.63835615,233,62.45837
1009534987,0,54.91,4,0,14637,1,0,1009534987,3719.8,0.23561645,86,43.253487
1009557730,0,51.83,2,10736,63867,1,1,1009557730,6199.88,0.19726028,72,86.10944
1009525983,0,38.17,1,0,15615,4,0,1009525983,8243.75,0.6356164,232,35.533405
1009533458,1,60.65,4,0,18203,2,0,1009533458,10327.63,0.67671233,247,41.812267
1009533542,0,46.83,1,0,19677,4,0,1009533542,10487.55,0.4739726,173,60.621677
1009548220,0,59.12,1,0,18729,3,0,1009548220,9300.06,0.7013699,256,36.328358
1009532904,1,21.37,1,0,20045,3,0,1009532904,7142.38,0.6849315,250,28.56952
1009533158,1,43.93,1,0,35169,0,0,1009533158,2306.43,0.115068495,42,54.915
1009533982,1,63.53,4,0,33563,2,0,1009533982,15172.86,1.3123288,479,31.676117
1009526106,1,34.51,4,0,16335,2,0,1009526106,7853.07,0.65753424,240,32.721127
1009527900,1,48.72,4,0,18734,4,0,1009527900,8099.85,0.6520548,238,34.03298
1009533479,1,51.13,1,0,32038,2,0,1009533479,8155.22,0.6849315,250,32.62088
1009534372,1,20.72,1,0,15750,2,1,1009534372,22559.41,0.98630136,360,62.665028
1009534933,1,35.08,4,0,15942,4,0,1009534933,3434.56,0.1890411,69,49.776234
1009535029,1,64.35,2,13145,20746,1,0,1009535029,7391.83,0.5205479,190,38.90437
1009533023,1,51.18,1,0,16491,2,0,1009533023,8794.43,0.66849315,244,36.042747
1009533126,0,44.9,4,9534,40278,5,0,1009533126,11084.91,0.72328764,264,41.988297
1009533153,1,71.61,4,0,15589,2,0,1009533153,7215.4,0.5068493,185,39.002163
1009533234,1,61.5,2,5420,31334,2,0,1009533234,3500.85,0.18356164,67,52.25149
1009533345,0,25.47,1,0,14617,2,0,1009533345,9621.74,0.6712329,245,39.272408
1009534891,0,30.9,2,9892,28665,3,0,1009534891,2753.91,0.24383561,89,30.942808
1009535134,1,29.49,1,0,13900,1,0,1009535134,15232.52,0.6958904,254,59.97055
1009535329,1,53.06,1,0,19463,4,0,1009535329,8561.32,0.64657533,236,36.27678
1009533285,1,72.56,3,114853,102844,2,0,1009533285,14114.48,0.71780825,262,53.872063
1009533470,1,43.24,4,8472,73657,2,0,1009533470,6615.11,0.5068493,185,35.75735
1009533904,1,49.19,1,0,22679,1,0,1009533904,17794.15,1.2958905,473,37.619766
1009526064,0,46.87,1,0,14820,2,0,1009526064,13361.29,0.66027397,241,55.441036
1009532344,0,56.24,1,0,27732,4,0,1009532344,10430.18,0.690411,252,41.389603
1009533101,0,31.88,1,0,19075,3,0,1009533101,8368.39,0.6328767,231,36.226795
1009550980,1,45.05,2,77831,131451,5,0,1009550980,7256.39,0.23287672,85,85.36929
1009533462,1,47.49,4,0,32290,2,0,1009533462,9928.57,0.63835615,233,42.61189
1009535287,0,51.14,1,0,15000,2,0,1009535287,5450.91,0.41643837,152,35.86125
1009535395,1,35.52,1,0,21198,4,0,1009535395,10131.34,0.4958904,181,55.974255
1009533341,1,30.06,1,0,19498,0,1,1009533341,17345.9,0.7123288,260,66.715
1009533491,0,49.13,1,0,19084,0,0,1009533491,2301.08,0.11232877,41,56.1239
1009525860,1,36.04,1,0,15959,2,0,1009525860,8131.92,0.25753424,94,86.50979
1009533065,1,33.3,1,0,21880,2,0,1009533065,7401.77,0.6712329,245,30.211306
1009533089,0,39.84,4,0,16080,3,0,1009533089,4619.98,0.31232876,114,40.526142
1009533093,1,52.83,4,13754,50625,3,0,1009533093,15012.36,0.6136986,224,67.01946
1009533363,0,67.48,1,0,23057,1,0,1009533363,889.11,0.057534248,21,42.33857
1009525962,1,38.16,4,0,21987,2,0,1009525962,9697.74,0.6958904,254,38.18008
1009528132,0,21.13,1,0,22159,4,0,1009528132,16699.72,0.54246575,198,84.34202
1009528601,0,31.38,4,0,15149,2,0,1009528601,25742.48,1.3041096,476,54.08084
1009530004,0,34.51,2,94752,85470,2,0,1009530004,36099.88,1.0684931,390,92.5638
1009533351,1,46.8,1,0,29597,1,1,1009533351,2096.07,0.19178082,70,29.943857
1009533826,1,51.81,4,5029,26524,4,0,1009533826,3515.15,0.38630137,141,24.930141
1009535422,0,66.09,4,13244,44395,2,0,1009535422,5883.05,0.28767124,105,56.02905
1009526780,0,34.59,4,0,21042,1,0,1009526780,1629.92,0.14246576,52,31.344616
1009529120,1,83.64,1,0,22459,1,0,1009529120,2043.53,0.09315068,34,60.103825
1009532891,0,20.25,2,11938,25513,2,1,1009532891,1676.78,0.09315068,34,49.31706
1009533305,1,32.85,1,0,17269,1,0,1009533305,6087.77,0.36164382,132,46.11947
1009533374,0,39.95,1,0,18398,3,0,1009533374,8121.71,0.5150685,188,43.200584
1009533503,0,27.73,1,0,19756,1,1,1009533503,4557.99,0.30958903,113,40.336193
1009535011,1,28.32,1,0,21393,4,1,1009535011,828.12,0.07123288,26,31.850769
1009525968,0,67.94,1,0,18710,0,1,1009525968,3802.17,0.41643837,152,25.014277
1009526094,0,29.69,4,0,16665,1,1,1009526094,8083.87,0.7041096,257,31.454746
1009533225,1,22.35,1,0,33696,5,0,1009533225,5533.85,0.3890411,142,38.970776
1009535203,0,37.99,4,0,36736,1,1,1009535203,1501.17,0.12328767,45,33.359333
1009530082,0,25.56,1,0,15399,4,0,1009530082,13019.88,1.0575342,386,33.73026
1009533083,1,24.64,1,0,13566,2,1,1009533083,8779.41,0.67945206,248,35.40085
1009533105,1,37.42,1,0,34043,1,0,1009533105,11131.81,0.8356164,305,36.497738
1009533194,1,51.91,4,12713,44542,1,0,1009533194,6891.28,0.63013697,230,29.962088
1009533515,1,54.02,4,8082,27942,2,1,1009533515,3445.11,0.22465754,82,42.01354
1009534942,0,35.7,1,0,20202,5,0,1009534942,7470.43,0.6821918,249,30.001726
1009563430,1,42.07,1,0,17300,2,0,1009563430,7545.32,0.66849315,244,30.923443
1009563510,0,36.38,4,9721,35558,4,0,1009563510,11227.39,0.48767123,178,63.075226
1009526880,0,70.39,4,0,16497,2,0,1009526880,15669.42,1.030137,376,41.67399
1009526890,1,37.72,1,0,22430,5,0,1009526890,7651.12,0.50410956,184,41.582172
1009532266,0,49.57,4,0,16358,1,0,1009532266,17642.88,1.3205479,482,36.603485
1009533021,1,61.56,1,0,20155,2,0,1009533021,8900.33,0.62739724,229,38.86607
1009533096,0,57.84,1,0,21643,1,0,1009533096,6210.41,0.45479453,166,37.41211
1009533514,1,43.26,1,0,21883,1,0,1009533514,15732.93,1.4191781,518,30.372452
1009535170,1,32,1,0,20709,2,0,1009535170,7906.33,0.66027397,241,32.806347
1009525899,1,69.79,1,0,13770,1,0,1009525899,8820.29,0.69863015,255,34.58937
1009529458,0,32.43,1,0,21872,2,0,1009529458,16061.82,1.3150685,480,33.462124
1009529848,1,44.02,4,10105,47283,4,0,1009529848,18105.38,1.249315,456,39.70478
1009532939,0,58.1,1,0,18200,2,0,1009532939,14542.4,1.2328767,450,32.316444
1009533035,1,43.42,1,0,18478,1,0,1009533035,7935.86,0.6520548,238,33.34395
1009533443,0,64.09,1,0,15839,2,1,1009533443,3908.43,0.2547945,93,42.02613
1009533453,1,62.6,4,0,13525,2,1,1009533453,8413.28,0.6328767,231,36.421127
1009534975,1,64,1,0,28193,2,1,1009534975,3049.68,0.20547946,75,40.6624
1009535176,1,24.94,1,0,18336,1,1,1009535176,11088.12,0.539726,197,56.284874
1009535377,1,25.2,1,0,14649,2,1,1009535377,2119.26,0.10684931,39,54.34
1009526540,0,39.86,1,0,22628,3,0,1009526540,3591.61,0.1890411,69,52.05232
1009532734,0,37.27,3,96781,128606,2,0,1009532734,18078.38,1.3205479,482,37.50701
1009532916,1,68.44,3,115912,75752,1,0,1009532916,8217.09,0.7287671,266,30.891315
1009532933,0,60.57,1,0,19669,3,0,1009532933,15182.06,1.3205479,482,31.49805
1009535338,1,40.65,4,0,21890,5,0,1009535338,10120.8,0.6520548,238,42.52437
1009525911,1,24.39,2,14445,48558,1,1,1009525911,7898.99,0.64931506,237,33.32907
1009527790,0,60.77,4,0,13007,3,0,1009527790,7482.51,0.690411,252,29.6925
1009533213,1,77.54,4,9518,56480,2,0,1009533213,5990.85,0.29589042,108,55.470833
1009534960,0,44.45,1,0,17285,2,0,1009534960,8442.08,0.66849315,244,34.59869
1009525986,1,64.13,1,0,14679,2,0,1009525986,8173.34,0.4328767,158,51.73
1009526085,1,59.78,1,0,18781,4,0,1009526085,7560.77,0.6520548,238,31.76794
1009530706,1,23.05,1,0,15927,1,0,1009530706,3054.04,0.20273973,74,41.27081
1009533114,0,53.66,4,0,22128,1,0,1009533114,13094.01,0.5479452,200,65.47005
1009534906,1,45.51,4,0,21008,2,1,1009534906,710.26,0.04931507,18,39.45889
1009549740,0,45.66,4,0,18924,1,1,1009549740,8333.17,0.64657533,236,35.310043
1009563020,0,75.37,4,0,17476,2,0,1009563020,7034.47,0.59452057,217,32.416912
1009525950,1,24.94,1,0,18336,1,1,1009525950,713.14,0.04109589,15,47.542667
1009533188,1,23.3,1,0,19693,0,1,1009533188,2089.59,0.15616438,57,36.659473
1009533455,0,66.61,4,0,16662,0,0,1009533455,8915.67,0.6821918,249,35.805904
1009535380,1,41.75,4,0,14140,0,1,1009535380,4444.17,0.29863015,109,40.7722
1009526022,1,49.56,4,0,30067,1,0,1009526022,4999.65,0.33150685,121,41.31942
1009529692,1,59.93,1,0,14577,2,0,1009529692,992.54,0.04931507,18,55.14111
1009533366,1,55.26,4,8570,40912,1,0,1009533366,6676.87,0.67671233,247,27.031862
1009557660,0,85.32,4,0,31165,1,0,1009557660,12602.41,0.6657534,243,51.86177
1009532290,0,25.25,1,0,22954,1,1,1009532290,6429.87,0.41643837,152,42.301777
1009533140,0,26.4,1,0,21816,2,1,1009533140,2938.56,0.19726028,72,40.81333
1009533207,1,56.27,1,0,19303,2,0,1009533207,15365.69,0.6356164,232,66.23142
1009533215,1,57.9,1,0,17694,3,0,1009533215,11454.39,0.6739726,246,46.56256
1009535149,1,36.04,1,0,15959,2,0,1009535149,7852.97,0.6410959,234,33.5597
1009525818,1,31.89,1,0,21980,1,0,1009525818,6554.43,0.6520548,238,27.539621
1009533336,0,63.74,4,0,14109,5,0,1009533336,7279.62,0.7150685,261,27.891264
1009533482,1,67.75,1,0,23328,0,0,1009533482,8146.57,0.6821918,249,32.717148
1009534762,1,29.89,4,0,14665,2,0,1009534762,27605.37,0.84109586,307,89.91977
1009527120,0,39.24,1,0,22300,2,0,1009527120,18029,1.4082192,514,35.075874
1009532987,0,23.43,3,90741,112369,2,0,1009532987,9240.56,0.62739724,229,40.35179
1009533522,0,27.99,3,100172,190094,1,0,1009533522,3095.76,0.21643835,79,39.186836
1009534918,0,25.45,1,0,22038,2,0,1009534918,8739.33,0.5506849,201,43.47925
1009534951,1,70.01,1,0,19510,2,0,1009534951,31650.25,0.72328764,264,119.887314
1009526770,0,66.09,4,13244,44395,2,0,1009526770,4986.94,0.1890411,69,72.27449
1009533041,0,50.71,2,100808,167502,0,0,1009533041,9170.1,0.56164384,205,44.732197
1009533138,1,38.09,4,0,16955,3,0,1009533138,7719.85,0.5671233,207,37.29396
1009533320,0,53.87,1,0,16804,0,1,1009533320,9229.73,0.6328767,231,39.95554
1009535224,0,54.8,4,6263,37892,0,0,1009535224,2891.05,0.2547945,93,31.08656
1009535416,0,27.33,1,0,19325,0,1,1009535416,16260.98,0.6712329,245,66.371346
1009526970,0,44.33,4,0,16288,1,1,1009526970,4233.02,0.37260273,136,31.125147
1009533124,1,60.26,4,0,14464,1,1,1009533124,24766.53,1.3123288,479,51.704655
1009525827,1,64.3,1,0,16650,1,0,1009525827,9863.12,0.6958904,254,38.83118
1009527820,1,58.1,1,0,20237,2,0,1009527820,2506.24,0.19726028,72,34.808887
1009532972,1,72.58,4,0,22884,1,0,1009532972,5602.47,0.32876712,120,46.68725
1009533335,0,48.22,1,0,16783,0,1,1009533335,7234.12,0.7123288,260,27.823538
1009534924,1,47.72,4,0,16128,2,0,1009534924,17291.41,0.539726,197,87.77365
1009535320,0,21.69,1,0,35881,4,0,1009535320,3774.73,0.24383561,89,42.412697
1009533077,0,75.32,1,0,25213,2,0,1009533077,5642.84,0.43835616,160,35.26775
1009533437,0,71.07,1,0,22374,1,0,1009533437,10526.15,0.7863014,287,36.67648
1009533468,1,50.88,1,0,19566,3,0,1009533468,941.79,0.073972605,27,34.88111
1009534972,0,53.24,1,0,18365,2,0,1009534972,6204.73,0.4520548,165,37.604424
1009535146,1,74.27,1,0,22905,1,0,1009535146,9201.58,0.7123288,260,35.390694
1009535257,0,66.8,1,0,17554,1,0,1009535257,16507.37,0.51232874,187,88.274704
1009562400,0,52.89,1,0,16513,2,0,1009562400,7632.06,0.66027397,241,31.668299
1009533042,1,37.48,1,0,14585,1,0,1009533042,9195.37,0.56438357,206,44.63772
1009533051,1,44.19,1,0,15497,0,1,1009533051,13666.06,0.62739724,229,59.677116
1009533537,0,45.37,4,0,18767,1,0,1009533537,9089.22,0.67671233,247,36.798462
1009533558,1,42.2,3,92864,95532,5,0,1009533558,5533.85,0.3890411,142,38.970776
1009535188,0,38.92,4,0,15473,5,0,1009535188,1976.13,0.115068495,42,47.050713
1009535284,0,37.68,4,5741,25098,3,0,1009535284,30647.78,0.70958906,259,118.3312
1009535386,0,75.67,1,0,26571,1,0,1009535386,35982.28,0.7150685,261,137.86314
1009527130,0,50.13,1,0,17436,3,0,1009527130,8982.25,0.69863015,255,35.22451
1009528288,1,73.23,1,0,35946,1,0,1009528288,17430.38,0.3561644,130,134.07985
1009533099,0,39.6,2,108902,116318,2,0,1009533099,3044,0.20273973,74,41.135136
1009533206,0,49.22,1,0,25464,4,0,1009533206,15466.2,0.63835615,233,66.37854
1009533236,0,50.41,2,10228,33653,0,0,1009533236,3143.39,0.14794521,54,58.210926
1009534966,0,74.37,4,0,22324,1,0,1009534966,4477.57,0.30136988,110,40.70518
1009529950,0,30.36,2,86143,176189,2,1,1009529950,39737.9,0.82465756,301,132.0196
1009533054,1,46.94,1,0,19962,2,0,1009533054,5523.79,0.41369864,151,36.58139
1009533117,0,60.75,1,0,17380,1,0,1009533117,10638.57,0.4219178,154,69.08163
1009533344,0,47.49,2,118373,75627,2,1,1009533344,9682.76,0.6739726,246,39.360813
1009533358,0,48.19,1,0,28528,4,0,1009533358,6225.9,0.5890411,215,28.957674
1009533464,1,64.83,4,0,17748,2,0,1009533464,4123.18,0.36438355,133,31.001354
1009532990,1,50.45,4,0,17210,1,1,1009532990,7447.06,0.6931507,253,29.43502
1009533137,0,37.43,1,0,15817,2,0,1009533137,7667.11,0.56438357,206,37.21898
1009533330,0,56.28,1,0,19008,0,0,1009533330,15552.45,0.67945206,248,62.71149
1009533047,1,58.69,4,0,22986,2,1,1009533047,17767.17,0.5506849,201,88.39388
1009533125,0,49.9,1,0,17377,0,0,1009533125,11057.51,0.720548,263,42.043766
1009535275,1,53.16,1,0,25575,0,0,1009535275,7679.89,0.70958906,259,29.652084
1009533006,1,82.36,1,0,14385,1,1,1009533006,8641.71,0.67671233,247,34.98668
1009533294,1,67.24,4,8860,57649,0,0,1009533294,8061.68,0.6739726,246,32.771057
1009533296,0,49.91,1,0,17268,1,0,1009533296,7708.64,0.6630137,242,31.853884
1009533414,0,64.62,1,0,18489,5,0,1009533414,7688.34,0.6849315,250,30.75336
1009535110,0,33.75,1,0,35367,4,0,1009535110,3250.76,0.16986302,62,52.431614
1009535365,1,85.43,1,0,16787,4,0,1009535365,8407.78,0.509589,186,45.203117
1009533056,0,27.53,1,0,26984,2,0,1009533056,3553.32,0.2,73,48.675617
1009533119,1,42.46,1,0,21376,5,0,1009533119,8946.21,0.67945206,248,36.07343
1009533459,1,55.5,4,0,25957,4,0,1009533459,10273.72,0.6739726,246,41.76309
1009534858,0,43.22,1,0,14838,3,0,1009534858,4166.14,0.2547945,93,44.797203
1009525854,1,33.27,1,0,25313,2,0,1009525854,8030.02,0.69863015,255,31.490274
1009528260,0,64.91,4,0,14847,5,0,1009528260,7964.69,0.6958904,254,31.357048
1009533084,1,36.32,1,0,21079,2,0,1009533084,8790.68,0.6821918,249,35.303936
1009533317,0,52.51,1,0,18000,1,0,1009533317,11481.63,0.66849315,244,47.055862
1009533710,1,29.17,4,5628,41120,0,1,1009533710,4206.4,0.18356164,67,62.78209
1009535098,1,22.25,1,0,18767,0,1,1009535098,9732.6,0.52328765,191,50.95602
1009535191,0,47.06,4,0,14789,1,1,1009535191,3617.18,0.24109589,88,41.104317
1009535332,1,63.48,1,0,20295,2,0,1009535332,8829.25,0.6712329,245,36.037754
1009535350,1,72.91,4,0,22453,0,1,1009535350,3683.74,0.22739726,83,44.38241
1009535020,0,37.01,2,5600,20963,2,0,1009535020,9703.87,0.70684934,258,37.6119
1009525893,0,48.25,1,0,13119,1,0,1009525893,8331.27,0.6821918,249,33.458916
1009526097,1,45.79,4,0,17249,0,1,1009526097,7473.1,0.66027397,241,31.008713
1009531174,1,30.84,3,71442,121544,2,0,1009531174,16171.24,0.7561644,276,58.59145
1009533075,0,52.49,4,10063,27843,0,0,1009533075,32181.37,0.7369863,269,119.63335
1009533131,1,75.12,1,0,19032,1,0,1009533131,3516.45,0.3068493,112,31.396875
1009552270,0,26.81,1,0,23292,2,1,1009552270,5215.09,0.3452055,126,41.389603
1009526810,0,48.6,1,0,25468,5,0,1009526810,12802.36,0.9260274,338,37.876804
1009527310,0,30.54,1,0,20720,2,1,1009527310,9812.8,0.6931507,253,38.78577
1009528600,1,63.93,2,75169,91911,2,0,1009528600,9676.11,0.35068494,128,75.59461
1009533524,0,39.15,1,0,17817,2,0,1009533524,7584.08,0.62739724,229,33.11825
1009535326,1,59.68,1,0,19576,1,1,1009535326,11827.79,0.46027398,168,70.40351
1009529650,1,52.71,1,0,28770,2,0,1009529650,4702.6,0.25753424,94,50.02766
1009532900,0,75.83,4,0,19821,2,0,1009532900,24286.28,1.2767123,466,52.11648
1009533377,0,26.99,1,0,26144,2,0,1009533377,16817.28,0.5506849,201,83.66806
1009533438,1,38.87,4,0,13522,2,0,1009533438,10490.85,0.78356165,286,36.681293
1009533543,1,24.92,1,0,25026,2,1,1009533543,10382.13,0.4712329,172,60.36122
1009553770,1,43.8,1,0,32013,1,1,1009553770,13810.71,0.70684934,258,53.529884
1009525782,1,58.51,1,0,18267,0,0,1009525782,3927.92,0.2739726,100,39.2792
1009530740,1,24.95,1,0,21783,3,0,1009530740,10680.74,0.6931507,253,42.216362
1009533074,0,31.19,3,99859,128021,2,1,1009533074,32018.01,0.73424655,268,119.470184
1009533176,1,78.12,1,0,17027,2,0,1009533176,34385.16,0.67945206,248,138.64984
1009533461,0,79.55,1,0,23824,5,0,1009533461,9963.77,0.6410959,234,42.580215
1009525941,0,48.75,1,0,14530,1,0,1009525941,7890.76,0.64931506,237,33.294346
1009525980,0,50.07,4,0,32507,2,0,1009525980,13393.91,0.2931507,107,125.17673
1009533189,1,56.09,1,0,16218,4,1,1009533189,2070.88,0.15342465,56,36.98
1009533500,1,49.63,1,0,18976,0,1,1009533500,1917.02,0.09589041,35,54.772
1009548050,0,40.61,1,0,17272,2,0,1009548050,1527.02,0.101369865,37,41.27081
1009533087,0,77.19,2,12156,29698,4,0,1009533087,4627,0.36164382,132,35.053032
1009533177,0,48.7,1,0,19126,2,0,1009533177,34283.42,0.67671233,247,138.79927
1009533551,1,47.02,1,0,21982,2,0,1009533551,11197.33,0.6849315,250,44.78932
1009534138,0,55.69,4,0,16788,1,0,1009534138,14214.84,1.2,438,32.45397
1009535335,1,60.91,2,6234,26028,3,0,1009535335,10414.05,0.68767124,251,41.49024
1009531018,1,33.12,2,7992,39512,2,0,1009531018,18996.04,1.3260274,484,39.248016
1009532973,1,40.37,1,0,23988,3,0,1009532973,5565.78,0.3260274,119,46.77126
1009533180,0,50.87,1,0,18690,5,0,1009533180,11365.04,0.6958904,254,44.74425
1009533536,1,69.87,1,0,19965,0,0,1009533536,9097.67,0.67945206,248,36.684155
1009549370,1,73,2,113029,198514,3,0,1009549370,13304.49,0.28219178,103,129.1698
1009563270,0,35.34,4,0,15383,2,0,1009563270,8011.65,0.6958904,254,31.54193
1009526058,1,29.7,1,0,36766,2,1,1009526058,2092.39,0.12876712,47,44.518936
1009532996,1,75.91,1,0,18035,4,0,1009532996,14967.83,0.63835615,233,64.23962
1009533017,0,48.71,1,0,16379,4,0,1009533017,2831.86,0.24657534,90,31.46511
1009533530,1,63.65,1,0,17414,2,0,1009533530,7498.63,0.5369863,196,38.258316
1009535041,0,72.26,2,95530,163813,2,0,1009535041,10389.3,0.6849315,250,41.5572
1009531560,0,22.76,1,0,18364,1,1,1009531560,8030.91,0.65753424,240,33.462124
1009533032,1,46.83,3,81822,175066,2,0,1009533032,6121.04,0.61917806,226,27.084248
1009533230,1,25.26,4,0,15721,2,0,1009533230,2791.24,0.16164383,59,47.30915
1009533408,1,51.09,1,0,13030,1,1,1009533408,30809.43,0.72328764,264,116.702385
1009532976,1,34.38,4,13150,49670,2,0,1009532976,2887.68,0.20547946,75,38.5024
1009533015,0,38.23,1,0,34312,1,1,1009533015,2931.42,0.25753424,94,31.18532
1009533402,1,32.63,1,0,22406,1,1,1009533402,1263.13,0.13150685,48,26.315208
1009533521,0,41.97,1,0,32088,1,0,1009533521,3020.49,0.21369863,78,38.72423
1009535347,1,46.86,1,0,14583,2,0,1009535347,6703.11,0.5178082,189,35.46619
1009532927,0,49.34,1,0,15578,5,0,1009532927,4002.66,0.42739725,156,25.658077
1009533392,0,59.93,4,0,15520,1,1,1009533392,1274.88,0.052054796,19,67.098946
1009553070,1,66.97,4,13060,32603,5,0,1009553070,13885.89,0.690411,252,55.102737
1009528912,0,61.74,3,118024,109031,3,0,1009528912,79475.8,1.6493151,602,132.0196
1009528990,1,24.92,1,0,25026,2,1,1009528990,16864.22,1.380822,504,33.460754
1009535008,0,36.25,1,0,19244,2,1,1009535008,3609.36,0.3178082,116,31.115173
1009525800,1,36.29,4,0,13900,1,1,1009525800,6297.19,0.45479453,166,37.93488
1009533407,1,81.28,1,0,31790,2,0,1009533407,30782.52,0.720548,263,117.0438
1009529068,1,29.37,4,0,16701,1,0,1009529068,15345.42,1.3260274,484,31.705414
1009532894,0,57.29,1,0,17785,4,0,1009532894,41176.1,1.019178,372,110.68844
1009533132,0,39.14,1,0,19250,3,0,1009533132,3448.78,0.3041096,111,31.07009
1009533167,1,67.2,4,13546,50356,2,0,1009533167,3147.03,0.16712329,61,51.590656
1009533299,0,31.97,2,75582,167295,3,0,1009533299,11464.55,0.5506849,201,57.037563
1009533501,1,21.47,4,12665,57437,1,1,1009533501,1707.49,0.09315068,34,50.220295
1009533516,1,50.96,1,0,17555,1,1,1009533516,3537.06,0.22739726,83,42.61518
1009533525,0,65.32,2,109119,101364,5,0,1009533525,7508.81,0.6246575,228,32.933376
1009531798,1,23.13,2,11783,29416,3,1,1009531798,14512.78,0.46575344,170,85.36929
1009525803,1,47.09,1,0,17678,2,0,1009525803,7938.7,0.52328765,191,41.563873
1009526775,1,34.9,2,5096,77325,5,0,1009526775,9973.88,0.3780822,138,72.27449
1009528410,0,63.81,3,78373,93138,1,0,1009528410,16339.76,0.53424656,195,83.79364
1009533155,0,53.31,4,12346,23894,2,0,1009533155,7834.59,0.49863014,182,43.0472
1009534996,0,44.57,1,0,16897,2,0,1009534996,8836.56,0.66849315,244,36.21541
1009535215,1,56.58,1,0,13181,4,0,1009535215,8441.55,0.6520548,238,35.468697
1009525878,1,53.22,4,11270,25854,3,0,1009525878,12773.05,0.64657533,236,54.123093
1009532895,1,53.92,1,0,21465,2,0,1009532895,19544.31,0.4849315,177,110.41983
1009532915,0,32.74,1,0,24020,2,1,1009532915,16360.4,1.4520547,530,30.86868
1009533231,1,62.99,2,101459,65949,2,0,1009533231,2685.46,0.1589041,58,46.301033
1009534900,1,53.27,4,0,18161,1,0,1009534900,8656.77,0.65753424,240,36.069874
1009535086,1,20.04,1,0,20549,3,0,1009535086,11302.33,0.48219177,176,64.21778
1009535233,1,34.19,1,0,18392,0,1,1009535233,8603.81,0.66027397,241,35.700455
1009535266,0,62.64,2,73936,191918,1,0,1009535266,2520.99,0.15616438,57,44.227894
1009535404,1,38.13,4,12886,47481,2,0,1009535404,7303.5,0.6657534,243,30.055555
1009561440,0,36.58,4,12209,70258,2,0,1009561440,1678.69,0.18356164,67,25.055075
1009526950,1,49.27,4,0,17534,3,0,1009526950,13382.06,1.3041096,476,28.113571
1009532032,0,47.04,1,0,13860,4,0,1009532032,13292.02,1.3150685,480,27.691708
1009532961,1,45.48,1,0,20901,1,1,1009532961,4893.47,0.48219177,176,27.803806
1009533240,0,64.56,4,8684,22067,2,0,1009533240,2724.74,0.18082191,66,41.28394
1009533434,1,80.41,2,96975,150910,1,0,1009533434,8619.21,0.6410959,234,36.834232
1009535197,0,30.13,1,0,19889,2,1,1009535197,9399.08,0.6438356,235,39.996086
1009526010,0,81.84,1,0,15817,3,0,1009526010,6777.71,0.6657534,243,27.891811
1009531000,0,31.25,2,70986,91118,1,1,1009531000,7110.35,0.24109589,88,80.79943
1009533000,1,47.51,1,0,20791,1,1,1009533000,12040.02,0.8547945,312,38.58981
1009533150,1,53.33,4,0,17883,0,0,1009533150,9125.49,0.7369863,269,33.923756
1009533293,0,36.05,1,0,19828,5,0,1009533293,8029.47,0.6712329,245,32.773346
1009535017,0,72.64,1,0,22976,2,0,1009535017,3059.21,0.20821919,76,40.25276
1009535296,0,56.74,4,0,27370,1,1,1009535296,5080.55,0.38630137,141,36.03227
1009526990,0,58,3,91268,96293,2,1,1009526990,16601.95,0.53424656,195,85.13821
1009561260,1,21.84,1,0,23463,5,0,1009561260,7273.8,0.51232874,187,38.897327
1009533339,0,28.77,1,0,22616,2,0,1009533339,8281.59,0.63835615,233,35.543304
1009533360,1,67.33,1,0,18377,3,0,1009533360,2422.11,0.2,73,33.17959
1009533404,1,41.26,1,0,20118,1,1,1009533404,15301.25,0.67671233,247,61.94838
1009533432,0,62.12,3,119243,171078,4,0,1009533432,3575.76,0.25205478,92,38.866955
1009552250,1,50.59,1,0,20214,0,0,1009552250,8821.44,0.66027397,241,36.603485
1009578550,1,65.58,1,0,16817,2,0,1009578550,7809.92,0.6520548,238,32.81479
1009525890,1,33.33,3,108146,147931,0,1,1009525890,39838.74,0.83287674,304,131.0485
1009525938,0,40.91,4,11939,33792,3,1,1009525938,7349.51,0.53150684,194,37.88407
1009528834,0,32.95,1,0,20643,4,0,1009528834,14093.74,1.3205479,482,29.240124
1009533263,1,63.36,1,0,20520,1,0,1009533263,9626.37,0.72328764,264,36.463524
1009533333,1,31.69,4,0,13662,3,0,1009533333,11386.29,0.80547947,294,38.728878
1009535047,0,45.48,4,6539,25085,1,0,1009535047,3837.3,0.25753424,94,40.822342
1009535140,0,29.96,4,8497,56388,3,0,1009535140,9458.01,0.7123288,260,36.37696
1009527020,1,42.02,1,0,20365,5,0,1009527020,14969.76,1.3753425,502,29.820238
1009533147,1,89.31,1,0,21561,2,1,1009533147,7460.87,0.63013697,230,32.438564
1009533203,0,32.21,1,0,17422,1,1,1009533203,9651.94,0.72602737,265,36.422417
1009533204,0,72.35,1,0,13908,3,0,1009533204,9752.45,0.7287671,266,36.663345
1009533267,0,38.76,4,0,16759,1,1,1009533267,7385.69,0.62739724,229,32.251923
1009548680,0,76.35,1,0,22480,4,0,1009548680,9498.02,0.6630137,242,39.248016
1009533107,1,32.27,4,0,31586,4,0,1009533107,9802.08,0.6931507,253,38.7434
1009533399,1,74.56,1,0,14344,2,0,1009533399,7790.35,0.72328764,264,29.508902
1009529380,1,24.56,4,14958,30477,4,0,1009529380,12819.82,0.43835616,160,80.12388
1009531876,0,40.45,4,12974,44245,2,0,1009531876,14869.68,1.0410959,380,39.130737
1009533300,0,25.69,4,0,22746,1,1,1009533300,11569.25,0.55342466,202,57.273514
1009527040,0,26.03,4,0,13552,0,1,1009527040,6554.43,0.6520548,238,27.539621
1009527305,0,71.2,1,0,21315,0,0,1009527305,33300.78,1.2986301,474,70.25481
1009533186,1,42.3,1,0,18354,1,1,1009533186,11329.34,0.54246575,198,57.218887
1009533539,0,51.98,1,0,20716,3,0,1009533539,16714.39,0.6821918,249,67.12606
1009535038,1,84.52,1,0,20809,2,0,1009535038,19119.06,0.6438356,235,81.357704
1009535071,1,38.18,1,0,15390,1,1,1009535071,6966.18,0.6410959,234,29.77
1009525791,1,53.33,1,0,17576,1,0,1009525791,1353.68,0.13150685,48,28.201666
1009525866,1,72.78,1,0,19673,1,1,1009525866,8823.88,0.18356164,67,131.6997
1009533476,1,32.48,3,106544,133772,2,1,1009533476,9426.1,0.690411,252,37.40516
1009535164,0,49.76,1,0,20481,0,0,1009535164,1763.63,0.15616438,57,30.940878
1009535194,0,81.84,1,0,15817,3,0,1009535194,11312.28,0.65753424,240,47.1345
1009529910,0,38.17,1,0,14579,1,0,1009529910,7046.87,0.66027397,241,29.240124
1009530784,0,73.42,1,0,31532,2,0,1009530784,19525.06,1.4082192,514,37.9865
1009532909,1,40.41,4,0,19229,2,1,1009532909,6821.72,0.61917806,226,30.1846
1009533113,0,51.79,1,0,18195,2,1,1009533113,13001.39,0.5452055,199,65.33362
1009533242,1,43.14,4,0,16137,3,0,1009533242,4471.65,0.43561643,159,28.123585
1009525947,0,32.06,4,10711,53390,2,0,1009525947,3713.18,0.1780822,65,57.125847
1009533104,1,30.36,4,0,20200,1,0,1009533104,11095.75,0.83287674,304,36.499176
1009533278,1,51.59,1,0,17752,1,0,1009533278,4140.27,0.35068494,128,32.34586
1009534849,1,67.62,4,10490,45510,1,0,1009534849,5778.22,0.33972603,124,46.59855
1009552560,1,47.36,2,88390,109150,2,0,1009552560,18540.6,0.53424656,195,95.08
1009525917,1,26.18,1,0,21760,2,0,1009525917,2921.32,0.23013699,84,34.77762
1009533029,0,37.8,1,0,21761,4,0,1009533029,872.39,0.06027397,22,39.65409
1009535089,1,55.8,1,0,22360,2,0,1009535089,5676.52,0.28219178,103,55.111843
1009535407,0,27.39,1,0,36626,1,1,1009535407,7594.66,0.5479452,200,37.9733
1009557650,0,57.47,4,0,13610,2,0,1009557650,7776.1,0.7041096,257,30.257198
1009531270,1,63.45,3,100748,121410,3,1,1009531270,6409.91,0.21917808,80,80.12388
1009533395,0,32.92,1,0,16334,2,0,1009533395,11113.81,0.64657533,236,47.092415
1009525977,0,60.83,4,13918,21219,1,0,1009525977,8196.87,0.38356164,140,58.549072
1009533179,1,66.34,4,9254,44445,2,0,1009533179,11361.69,0.6931507,253,44.907867
1009535305,0,54.16,1,0,14668,0,0,1009535305,6093.41,0.43835616,160,38.083813
1009532918,1,37.81,2,9904,25504,2,0,1009532918,24396.62,1.2876712,470,51.907703
1009533161,0,52.34,4,0,17662,2,0,1009533161,18964.52,0.6328767,231,82.09749
1009533375,1,37.68,1,0,37476,4,0,1009533375,8116.15,0.51232874,187,43.40187
1009533444,0,53.58,1,0,26160,3,0,1009533444,3933.36,0.25753424,94,41.844254
1009535059,0,34.64,1,0,13605,2,1,1009535059,2411.06,0.18082191,66,36.53121
1009525959,1,45.73,4,0,21571,1,1,1009525959,1628.67,0.10958904,40,40.71675
1009526001,0,60.15,1,0,16780,1,0,1009526001,7156.48,0.22739726,83,86.22265
1009532951,1,25.78,4,0,16752,1,1,1009532951,7424.84,0.5863014,214,34.695515
1009533700,0,23.78,1,0,20664,2,0,1009533700,6527.72,0.4328767,158,41.314682
1009550190,1,45.92,4,0,18809,2,0,1009550190,8214.48,0.66027397,241,34.08498
1009532890,1,28.74,1,0,19072,4,0,1009532890,18299.34,1.1945206,436,41.970963
1009533095,1,43.93,4,14002,50205,0,1,1009533095,6204.73,0.4520548,165,37.604424
1009533467,1,22.7,4,14425,55092,4,0,1009533467,868.76,0.07123288,26,33.413845
1009534912,1,53.29,1,0,13975,2,0,1009534912,7779.69,0.6410959,234,33.24654
1009535314,0,43.11,4,14537,40545,2,0,1009535314,10629.09,0.7972603,291,36.52608
1009550090,0,59.97,1,0,21259,4,0,1009550090,3424.94,0.23013699,84,40.773094
1009530238,1,55.43,4,9748,54655,2,0,1009530238,16029.76,1.3150685,480,33.395332
1009532919,0,36.54,1,0,15288,3,1,1009532919,12161.42,0.6410959,234,51.97188
1009533046,0,89.18,1,0,30158,2,0,1009533046,2426.37,0.1890411,69,35.164783
1009533069,1,64.56,4,0,13310,0,0,1009533069,1332.55,0.13424657,49,27.194899
1009533227,0,54.29,1,0,20713,1,0,1009533227,23424,0.6958904,254,92.220474
1009533489,0,33.4,2,83771,99474,2,0,1009533489,8217.7,0.4958904,181,45.401657
1009525833,0,57.83,4,9669,32600,2,0,1009525833,2567.26,0.18356164,67,38.317314
1009533143,1,36.06,1,0,18189,1,0,1009533143,9849.06,0.71780825,262,37.59183
1009534528,1,63.28,1,0,21972,3,0,1009534528,15555.65,1.2986301,474,32.817825
1009534606,0,32.26,4,0,19771,0,0,1009534606,15345.4,1.3369863,488,31.445492
1009535128,0,51.1,1,0,14109,0,0,1009535128,5072.14,0.39726028,145,34.980274
1009525932,0,34.55,1,0,36552,1,0,1009525932,18149.14,0.539726,197,92.12762
1009533417,1,32.72,4,8824,57497,2,0,1009533417,8126.92,0.6438356,235,34.582638
1009535431,1,58.91,1,0,21897,1,0,1009535431,9506.76,0.509589,186,51.111614
1009552760,0,56.89,1,0,16493,4,0,1009552760,2673.59,0.22739726,83,32.21193
1009532578,1,53.68,4,0,20232,4,0,1009532578,5347.18,0.45479453,166,32.21193
1009533026,1,51.59,1,0,13333,1,0,1009533026,2525.44,0.21369863,78,32.377438
1009533027,0,24.75,1,0,16964,2,1,1009533027,2487.87,0.2109589,77,32.31
1009533216,1,48.72,4,0,18734,4,0,1009533216,11500.91,0.67671233,247,46.56239
1009533332,1,37.35,1,0,18312,1,0,1009533332,11420.16,0.8082192,295,38.712406
1009535311,1,61.4,1,0,17815,2,1,1009535311,8701.65,0.6520548,238,36.561554
1009553230,0,26.21,1,0,21022,0,1,1009553230,9039.19,0.66027397,241,37.50701
1009529536,0,22.4,4,5566,58691,1,0,1009529536,17590.86,1.2986301,474,37.11152
1009533326,1,46.56,1,0,15964,5,0,1009533326,1416.17,0.11232877,41,34.540733
1009533378,0,27.34,4,0,29404,2,1,1009533378,16869.66,0.55342466,202,83.51317
1009534060,1,64.27,4,0,37621,5,0,1009534060,15279.38,1.1150684,407,37.541473
1009534060,1,59.93,4,13764,74110,4,0,1009534060,15279.38,1.1150684,407,37.541473
1009562150,0,47.14,4,10430,21790,3,0,1009562150,8975.96,0.65753424,240,37.399834
1009529302,1,45.52,4,0,37144,1,0,1009529302,14220.7,0.48219177,176,80.79943
1009532892,1,24.11,1,0,26490,2,0,1009532892,1882.13,0.07123288,26,72.38962
1009533149,1,43.8,1,0,15115,1,1,1009533149,9098.15,0.73424655,268,33.948322
1009533275,0,88.35,4,0,21214,2,0,1009533275,2129.9,0.20821919,76,28.025
1009535413,1,40.35,1,0,16709,2,0,1009535413,9227.11,0.690411,252,36.615517
1009532957,0,53.13,1,0,26739,1,0,1009532957,15577.8,1.369863,500,31.1556
1009533036,1,39.21,4,7823,44981,2,1,1009533036,7941.89,0.6547945,239,33.229664
1009533102,0,52.89,3,106045,185065,4,1,1009533102,8332.33,0.63013697,230,36.22752
1009533266,0,60.83,4,0,15490,1,0,1009533266,7411.19,0.63013697,230,32.222565
1009533557,1,75.72,2,113488,117325,4,0,1009533557,5558.08,0.39178082,143,38.86769
1009532970,0,59.01,1,0,21943,0,0,1009532970,3761.39,0.28219178,103,36.51835
1009533012,1,47.72,4,7887,33925,0,1,1009533012,9595.78,0.67671233,247,38.84931
1009533318,0,64.13,1,0,16286,0,0,1009533318,11496.85,0.6712329,245,46.92592
1009533348,1,80.63,4,12274,33617,1,0,1009533348,3002.65,0.26849315,98,30.639286
1009534888,0,47.93,1,0,22201,2,0,1009534888,9773.29,0.690411,252,38.782898
1009563000,0,71.4,4,0,22284,2,0,1009563000,7594.06,0.55342466,202,37.594357
1009525869,0,40.88,4,0,17312,2,0,1009525869,1934.84,0.087671235,32,60.46375
1009530550,0,49.63,1,0,20815,0,0,1009530550,17796.94,1.3315068,486,36.619217
1009533264,0,57.06,4,0,20893,0,1,1009533264,9651.87,0.72602737,265,36.42215
1009533315,1,30.95,4,0,15291,2,0,1009533315,3476.61,0.22739726,83,41.886868
1009533533,1,26.64,1,0,15457,1,0,1009533533,8999.51,0.61095893,223,40.35655
1009534876,0,53.86,4,12580,36623,1,1,1009534876,11921.79,0.84109586,307,38.83319
1009535065,1,46.54,4,0,31921,2,0,1009535065,2433.73,0.16712329,61,39.897213
1009525887,1,35.43,2,11349,20414,0,1,1009525887,6963.14,0.6547945,239,29.134478
1009526049,1,84.61,1,0,18525,2,0,1009526049,1579.32,0.09589041,35,45.12343
1009528366,0,68.76,4,0,14159,1,0,1009528366,4087.06,0.18630137,68,60.103825
1009532968,0,34.32,4,0,15634,2,0,1009532968,40950.38,1.0219178,373,109.786545
1009534894,0,71.7,4,7457,31549,0,1,1009534894,2511.19,0.23561645,86,29.199884
1009535050,0,44.17,1,0,19049,2,0,1009535050,9489.21,0.66849315,244,38.890205
1009526016,0,52.39,1,0,21836,2,0,1009526016,10206.45,0.7013699,256,39.868946
1009529840,1,54.15,4,0,18244,0,0,1009529840,1986.16,0.13424657,49,40.53388
1009532934,0,57.61,1,0,13095,0,0,1009532934,7591.03,0.66027397,241,31.49805
1009532937,0,44.33,4,0,16288,1,1,1009532937,7635.09,0.55342466,202,37.797474
1009532940,0,44.45,1,0,13526,0,1,1009532940,7291.94,0.61917806,226,32.26522
1009533044,1,39.09,1,0,14718,1,1,1009533044,15476.92,0.50136983,183,84.57333
1009533396,1,68.78,1,0,14092,3,0,1009533396,11085.12,0.6438356,235,47.170723
1009533420,1,48.28,4,0,32497,2,0,1009533420,5241.51,0.4,146,35.900753
1009535362,1,69.81,1,0,17061,1,0,1009535362,8099.69,0.55342466,202,40.097477
1009532943,0,58,3,91268,96293,2,1,1009532943,7754.18,0.6712329,245,31.649714
1009533059,1,24.78,4,0,14579,2,0,1009533059,1436.36,0.07123288,26,55.244614
1009533197,0,25.07,4,8151,59970,2,0,1009533197,8168.93,0.58356166,213,38.351784
1009532967,0,74.81,1,0,21600,2,1,1009532967,5287.43,0.35890412,131,40.36206
1009533159,1,43.79,1,0,16958,2,0,1009533159,2653.47,0.11780822,43,61.708603
1009533239,0,35.33,4,0,23088,1,0,1009533239,2714.2,0.1780822,65,41.756924
1009533353,1,32.81,4,0,21402,0,1,1009533353,9138.33,0.6356164,232,39.389355
1009535389,0,86.73,4,0,33397,0,1,1009535389,10756.03,0.6547945,239,45.00431
1009525989,1,20.25,4,0,33618,4,0,1009525989,3338.28,0.22465754,82,40.71073
1009526400,1,61.4,1,0,17815,2,1,1009526400,20657.82,1.3534247,494,41.817448
1009532958,0,26.03,4,0,13552,0,1,1009532958,7837.53,0.68767124,251,31.22522
1009532984,0,65.79,1,0,25891,4,0,1009532984,11075.19,0.64657533,236,46.928772
1009533014,0,61.18,1,0,21328,2,0,1009533014,2917.25,0.2547945,93,31.36828
1009534939,1,52.16,4,0,15928,1,0,1009534939,10356.77,0.61917806,226,45.826416
1009548430,1,41.45,1,0,13180,4,0,1009548430,3847.45,0.42465752,155,24.822258
1009525842,0,36.13,4,0,15069,3,0,1009525842,7638.24,0.70684934,258,29.605581
1009525848,0,38.24,4,0,14419,3,0,1009525848,1109.3,0.08219178,30,36.976665
1009533011,0,47.68,1,0,20981,2,0,1009533011,9609.95,0.67945206,248,38.749798
1009533024,1,45.34,4,0,20696,1,1,1009533024,8832,0.6712329,245,36.04898
1009533122,1,51.59,3,88504,86336,1,0,1009533122,8427.47,0.6410959,234,36.014828
1009533144,1,82.86,1,0,21712,0,0,1009533144,9879.34,0.720548,263,37.56403
1009533390,1,25.31,4,10065,24111,1,1,1009533390,2265.72,0.14246576,52,43.571537
1009554080,0,22.55,2,113071,124132,0,1,1009554080,21044.85,0.5260274,192,109.6086
1009526091,1,44.55,3,114047,208174,5,0,1009526091,6943.4,0.5890411,215,32.294884
1009532993,0,52.23,1,0,17513,1,0,1009532993,1788.89,0.15616438,57,31.384035
1009533248,0,56.34,4,13398,64687,1,0,1009533248,12404.07,0.6328767,231,53.697273
1009533311,1,57.21,1,0,26786,2,0,1009533311,2098.35,0.12602739,46,45.616302
1009533365,0,72.82,4,0,13632,2,0,1009533365,6654.18,0.6739726,246,27.049513
1009533429,0,53.37,4,0,18472,3,1,1009533429,7424.05,0.4520548,165,44.994244
1009535299,1,44.96,1,0,16992,0,1,1009535299,3945.28,0.2739726,100,39.4528
1009535371,0,61.94,1,0,16955,1,0,1009535371,18788.21,0.64931506,237,79.27515
1009533038,0,36.08,1,0,20984,3,0,1009533038,4780.35,0.3890411,142,33.664436
1009533327,0,61.81,1,0,24637,4,0,1009533327,1380.93,0.10958904,40,34.52325
1009533748,0,59.3,1,0,17960,1,0,1009533748,14298.17,1.0082191,368,38.85372
1009535209,0,77.87,4,0,19019,0,0,1009535209,11781.12,0.8191781,299,39.40174
